# age_bp	solar_modulation_potential_mev
305	339.2485932179766
306	339.845952888234
307	342.5859899245335
308	346.07058800103533
309	351.01529240755855
310	356.4910893849187
311	363.12088966766896
312	370.1896457657155
313	377.9709677419354
314	386.03548387096765
315	395.50740740740724
316	405.56316208681784
317	417.9121334913033
318	431.25329895162355
319	445.5549789928518
320	460.2898508592024
321	475.8375380816789
322	491.76712928854437
323	509.4349375759143
324	527.953087353896
325	547.79072499552
326	568.3000736743593
327	587.6377252543755
328	606.3549949224424
329	621.540485056052
330	634.7819577467594
331	644.8567272654866
332	653.1202027040481
333	656.8869934887796
334	657.9821528842516
335	654.3977001652694
336	647.9263037374802
337	638.2380681195925
338	626.4898776396093
339	611.9302270011949
340	595.5025089605737
341	576.9529271206694
342	556.9409796893673
343	538.6131020887678
344	521.4887915413871
345	506.02279524501694
346	491.7857231038809
347	479.7444734274508
348	469.39023914298826
349	461.142080006372
350	454.5711236335398
351	450.0727982318154
352	447.2851197706139
353	446.1073256207562
354	446.3064455108421
355	448.40574261763015
356	452.1890205292607
357	457.0622528424364
358	462.93628959996806
359	469.57566356703364
360	476.94309950020914
361	484.8621015113201
362	493.3246968399674
363	502.6247506023376
364	512.7798649967143
365	523.1768901455565
366	533.829804265148
367	544.6252765305006
368	555.5769795203154
369	566.2956093189964
370	576.7496117084826
371	585.8769016328155
372	593.4436081242532
373	598.8564066824636
374	601.644085143665
375	602.4521435256167
376	600.7596244598873
377	595.7475239441668
378	586.3888891101334
379	574.2852173393602
380	558.4551860775373
381	541.3432667609165
382	522.4268772027638
383	502.90342087971186
384	482.49363214591546
385	461.4899782959324
386	439.5867903864917
387	418.4965313315146
388	398.6841022679756
389	380.8388741761415
390	366.2035622548334
391	352.4920172836062
392	340.34570398837127
393	329.0290137591844
394	319.17257919993637
395	310.0199538041856
396	302.1547181457955
397	294.83842653896306
398	288.56608755388726
399	282.29372759856625
400	276.02132616487455
401	269.5861409796894
402	262.81592990840306
403	255.76064196252565
404	248.09452619422143
405	240.24361123832642
406	231.98013579976492
407	223.86625913462493
408	216.100583421278
409	208.74146273471263
410	202.36962625196625
411	196.70177814061842
412	192.81894028394493
413	189.53624977599011
414	187.84373071026067
415	186.6
416	186.6
417	187.2124609227216
418	189.60189960375143
419	192.3116465223711
420	195.99536448895876
421	199.9879492642519
422	204.96594651639754
423	210.05836320191165
424	215.53426921545207
425	220.98817204301076
426	226.36451612903224
427	231.65634153383576
428	236.63438834738795
429	241.53143107465
430	246.11118854662394
431	250.51663049322002
432	254.20034845980766
433	257.7731367356285
434	260.85949503195866
435	263.78737978136627
436	265.9776985723104
437	268.00073674359334
438	269.19545608410823
439	270.2633918082077
440	270.66163158837935
441	271.01496784213776
442	271.11452778718063
443	271.2563509288943
444	271.65459070906593
445	272.1981143346409
446	273.69151351028455
447	275.35749785946126
448	278.2447362657056
449	281.28079090420346
450	285.46230859600564
451	289.72836462834266
452	294.70636188048826
453	299.72311827957
454	305.0994623655915
455	310.3083930704899
456	313.79306053365195
457	317.0317400264832
458	317.4299837715674
459	317.59535254176546
460	314.708114135521
461	311.5491009736961
462	304.28122498556394
463	296.923306983135
464	287.9629119292729
465	278.90535433384457
466	267.7546404890384
467	256.52259015153
468	243.08199757073683
469	229.6095298779387
470	214.97421795663143
471	200.36910057545674
472	187.42630771987817
473	174.48441090380499
474	161.64117799326934
475	148.79816809701063
476	137.34877441707638
477	125.89938073714214
478	115.33824893968668
479	104.78489476513799
480	96.48130065112181
481	88.21782521256011
482	82.08693176161361
483	76.01377511399632
484	72.14982078853049
485	68.36646754281158
486	66.86746316208684
487	65.47359617682206
488	65.9658247130156
489	66.56319033064189
490	69.30932677565167
491	72.19656518189596
492	76.56452280918337
493	81.04472033611442
494	86.7165608012586
495	92.4910376137475
496	99.53650066705173
497	106.70481671014099
498	115.49141594153828
499	124.45181099540036
500	134.836598235798
501	145.3899524103467
502	158.3232054319907
503	171.56467812269727
504	186.81322952549698
505	202.34458095219128
506	221.15853129169105
507	240.473160630016
508	258.8474009617592
509	277.0670522993603
510	295.7099960175228
511	314.4276383910785
512	332.89402628434846
513	351.3129828753485
514	366.0851914537746
515	380.1231437048253
516	390.79935883395405
517	400.75535333824473
518	408.4401704466258
519	415.60848648971546
520	418.0430337906454
521	419.33731307620326
522	417.378108759284
523	414.59043029808254
524	408.2714601461542
525	401.00358415802157
526	393.5805220923517
527	386.1135262141333
528	377.72597518966165
529	369.0642599709288
530	360.250879114315
531	351.39004400549584
532	342.82901973278103
533	334.3664244041335
534	327.45935365683675
535	321.08751717409075
536	316.9846478564745
537	313.6991696700584
538	312.8
539	312.8
540	315.80029868578254
541	319.9818996415771
542	326.7036439665472
543	334.46947431302243
544	343.90756456462407
545	354.06267895900106
546	365.04341610083435
547	376.39324983572635
548	388.4902232133968
549	400.93521634376015
550	415.9277931542576
551	432.1560641962523
552	447.12726548654945
553	461.4638975727288
554	474.8865892754027
555	487.82938213098055
556	501.60939248521476
557	515.8464646263512
558	530.845791601123
559	546.2775830827743
560	563.0248382150899
561	580.5473885426425
562	598.2552219191181
563	616.0764520817984
564	634.4458383114296
565	653.1634806849864
566	673.0812425328556
567	693.7901234567896
568	714.9719158510958
569	736.4770780856412
570	755.5938432129979
571	773.0168335955075
572	787.5713028414408
573	800.0162959718048
574	809.4673025228492
575	816.6356185659389
576	820.5229326377412
577	821.8172119232989
578	821.2506680472312
579	819.1599092013302
580	815.2382509308854
581	809.7624539535252
582	804.1277473566834
583	798.3532705441947
584	793.0996913641704
585	788.3208140021106
586	784.0540331733736
587	780.2707552617429
588	776.789454610621
589	773.603536369248
590	770.0220226598436
591	766.0396248581271
592	760.9887019374364
593	754.8159853447759
594	746.9263639984067
595	737.1692951015532
596	725.3524093986462
597	711.2146156909596
598	696.2500134407261
599	680.3202636373591
600	663.5344676529735
601	645.7132374902922
602	627.4943987574912
603	608.7771290894249
604	588.8474980585816
605	567.3425499293126
606	545.9648573305984
607	524.7585890364581
608	504.4661655482761
609	485.45021604508094
610	466.474924832242
611	447.5585352740887
612	428.4432548137232
613	409.0290655303553
614	392.0654546902687
615	378.92354194460506
616	366.31388064753827
617	354.5658071324746
618	343.07769857231034
619	332.0265446725471
620	321.70054558849864
621	312.6405905895942
622	304.50045399334965
623	298.0290575655604
624	292.2475806451613
625	287.7672939068099
626	283.48873954599753
627	279.60582437275986
628	275.85390428211593
629	272.36927151262944
630	268.85278270046405
631	265.26862467891925
632	261.6224925827841
633	257.8392146711534
634	253.9355090499989
635	249.75399135819683
636	245.48479321399432
637	241.00459568706327
638	236.72282511300054
639	232.9395472013699
640	229.54080165667744
641	227.1513629756477
642	225.24048107365448
643	224.643121403397
644	224.35423826686048
645	224.95159793711795
646	226.02065669739756
647	228.5096553234702
648	231.07049909897341
649	233.8582053145628
650	236.39216447630432
651	238.08471724412587
652	239.4
653	239.4
654	238.69657912028825
655	235.41110093387235
656	231.5738595408298
657	225.60026283825508
658	219.35288823400575
659	211.98545230083025
660	204.73006909460173
661	197.9599928316841
662	191.47464208199784
663	186.2975249397664
664	181.4925429601163
665	178.50574460882896
666	175.93585950100555
667	175.5376197208339
668	175.47279026701986
669	177.26486927779217
670	179.48519543617203
671	184.2640727982318
672	189.40460962545563
673	196.87160550367403
674	204.82667410047642
675	216.17650783536777
676	227.86374425041282
677	242.10081639154927
678	256.50997700142386
679	272.3401658685199
680	288.8716049382716
681	311.770848267623
682	335.0121067303875
683	361.69470330545624
684	389.1571693116419
685	425.3969893072619
686	461.68751717409117
687	498.6242567850116
688	535.7837319049821
689	576.2050695924021
690	616.4070568089038
691	652.8459966946097
692	689.317162143327
693	726.4530216443333
694	763.2723800800476
695	791.9456442524046
696	820.3544692459324
697	839.7686585293002
698	858.9963322116247
699	868.9523267159159
700	878.8086656976166
701	879.6051452579597
702	880.3872045558633
703	874.1149280181598
704	867.8426514804563
705	853.46197407459
706	839.0257820433677
707	819.0034288445072
708	798.8923199458402
709	775.2845630768322
710	751.5890602443237
711	725.198426921546
712	698.7149542015135
713	676.9999999999997
714	655.4946236559131
715	636.3519623265166
716	617.3360128233215
717	600.7539814022026
718	584.326590470122
719	571.2375560024689
720	558.3943230919332
721	549.7762828298918
722	541.5128073913305
723	537.2520957368432
724	533.3692578801697
725	533.0
726	533.0
727	535.408715477589
728	538.0968339937475
729	543.6115628920171
730	549.4855996495489
731	557.0212142330898
732	564.7868899464369
733	572.8988510782342
734	581.0627665717525
735	589.0554360812423
736	597.0203902827559
737	603.967542811629
738	610.7377538829154
739	616.5845700460969
740	622.2595434135465
741	626.8546783218176
742	631.2353159037054
743	634.8763266362675
744	638.3609247127695
745	641.032516278051
746	643.5215149041238
747	645.2867286593258
748	646.8796877800123
749	647.5181617251748
750	647.9164015053464
751	647.528038071723
752	646.9306784014655
753	643.8443519643178
754	640.0610740526873
755	634.278393500727
756	627.9065570179806
757	619.7102407359471
758	610.9489655721708
759	600.7600326556616
760	590.10711853607
761	579.1571653292444
762	568.1060114294819
763	557.8620338105575
764	547.9060393062663
765	539.9799283154123
766	532.8114695340504
767	527.8633811230586
768	523.781342094783
769	522.1755119921148
770	521.5781463744885
771	522.5877760299476
772	524.280295095677
773	528.1804643475837
774	533.0589016546861
775	538.7546464626349
776	544.8278031102525
777	551.1698751518288
778	557.6412715796181
779	563.7145755759544
780	569.5886123334863
781	574.6115569184207
782	579.1913143903944
783	582.5438900061727
784	585.2320085223313
785	586.7733756794967
786	587.6694151848828
787	588.0
788	588.0
789	587.380518109954
790	586.3849186595249
791	585.3893192090958
792	584.3937197586666
793	584.0
794	584.0
795	585.3047988849064
796	587.4951612903226
797	591.4385105535642
798	596.6157307845477
799	603.2318256488882
800	610.8980177417591
801	619.754393580375
802	629.5112681945798
803	639.7703191891836
804	650.4232333087753
805	661.0212301626811
806	671.5745843372298
807	681.1552697078913
808	689.916544871667
809	697.455207980725
810	703.9266044085143
811	707.9932617829195
812	709.8849007387348
813	709.0525079150156
814	705.6674697835567
815	699.605045698015
816	690.9433304792817
817	680.3457876187251
818	667.8012345433182
819	653.9889387799798
820	638.8556764667811
821	623.2435483870967
822	607.1145161290327
823	591.3145061728401
824	575.8824074074075
825	561.6036040700104
826	548.6608112144319
827	537.5278588638217
828	528.5674638099601
829	521.4704366699191
830	516.6915593078593
831	513.9130284144084
832	513.7139085243225
833	515.005987535095
834	518.2914657215109
835	523.5380458373985
836	531.5028414408314
837	540.6930009358636
838	551.6445948905839
839	563.4354612612256
840	576.4778140618463
841	589.6374225921422
842	602.9784552278925
843	615.8610262639135
844	628.0073395591487
845	639.1832022460725
846	648.7409569701914
847	657.0960295493913
848	663.3683060870949
849	668.3246940990232
850	670.9132784420705
851	672.6
852	672.6
853	671.5518518518519
854	668.4654320987655
855	664.9838195177317
856	660.7027418808865
857	656.3255012843233
858	651.7457438123494
859	647.2906831803429
860	643.1091654885408
861	639.0185300969716
862	635.135692240298
863	631.3116823639514
864	627.6279643973636
865	623.7730431492802
866	619.4919655124352
867	614.934350172239
868	609.6576730849646
869	604.0864857330599
870	597.7146492503135
871	591.0579837119928
872	583.5909878337744
873	576.0239381931858
874	568.1587025347962
875	560.4141335297985
876	553.046697596623
877	546.0280599749108
878	540.154023217379
879	534.7498133232443
880	530.9664977449446
881	527.7635503783353
882	526.6683691756272
883	525.9030963759458
884	526.4009060135404
885	527.3725393759582
886	530.2597777822027
887	533.2413293243864
888	536.6263674558452
889	539.8495629318412
890	542.338561557914
891	544.4684096294379
892	544.8666494096095
893	544.92422094343
894	543.2317018777005
895	540.9715218733201
896	535.5952848410028
897	529.8574958682622
898	521.9922602098721
899	513.909713068238
900	504.4515182891619
901	494.9933235100857
902	485.5351287310091
903	476.00600346468605
904	465.9504490153519
905	455.6760354440458
906	443.62904221425725
907	431.42099761051406
908	417.7810135404221
909	404.35239991636854
910	393.00245318146955
911	381.6525158798111
912	370.3026821449192
913	358.8636745584511
914	346.3191214830449
915	333.7811194520225
916	321.33612632165847
917	309.0782740287927
918	299.9187590848448
919	290.93171382489373
920	285.356356902491
921	279.91005356325053
922	277.62017482726355
923	275.43333665199816
924	276.5284960474702
925	277.7182772147112
926	283.19407419207107
927	288.7219569502794
928	298.2797116743989
929	307.8565898727623
930	322.2927819039846
931	336.72897393520685
932	351.75958662710804
933	366.79313832858696
934	381.23755002887196
935	395.67374206009424
936	413.3215053763443
937	431.04352847471193
938	445.77604540023907
939	460.41164874551936
940	470.4603000766616
941	480.31683276749493
942	486.4807709922143
943	492.454367694789
944	494.3945899125864
945	496.0871089783159
946	494.6203719559547
947	492.92785289022527
948	487.0935704187493
949	480.9208538260887
950	472.1956013978357
951	463.2351171334417
952	452.01799990044293
953	440.5689481805958
954	428.4042114695338
955	416.15809438470745
956	406.30203106332135
957	396.7440860215051
958	391.4809199064164
959	386.80174224700085
960	385.0721425726802
961	383.7778375149343
962	385.05999601752296
963	386.75254878534446
964	391.6753285543608
965	397.1512345679014
966	407.17015133412986
967	418.0224014336914
968	431.2051869182139
969	444.84449201055344
970	458.4019912385505
971	471.9424133811227
972	486.3786450296182
973	501.01351983672714
974	517.9865392273998
975	535.5094384707286
976	553.909358821186
977	572.5274392672228
978	591.6178804320771
979	610.8323759271259
980	629.8137196336136
981	648.7304858622072
982	666.0276967494652
983	682.8528249290657
984	699.0689565909992
985	715.0984269215443
986	728.8680406212663
987	741.9106531262456
988	750.8581014485546
989	758.424431280801
990	762.2391577060932
991	764.728205894066
992	765.0365491835922
993	764.5387395459976
994	761.4556252489049
995	757.373586220629
996	752.5112305854238
997	747.3340103544402
998	742.5773209218975
999	737.9977002339589
1000	734.6630824372761
1001	731.8753484667465
1002	730.9317039175668
1003	730.8321469460899
1004	731.9460274790921
1005	733.6385802469136
1006	737.4985140456814
1007	742.4341927014963
1008	747.8511315305855
1009	753.4168968233137
1010	758.0800693058912
1011	762.5954531135146
1012	764.5043738514045
1013	766.1525569673423
1014	765.207476635514
1015	763.5284641638222
1016	757.5426411131531
1017	750.6959726962459
1018	741.1396587030712
1019	730.7352094928059
1020	718.6591830305571
1021	706.6736151220794
1022	694.8069834602264
1023	683.2727224993442
1024	672.0361774744025
1025	660.1453924914673
1026	647.8587030716727
1027	634.2138619060121
1028	620.0369125754781
1029	604.1510238370254
1030	587.8746403444292
1031	569.496476765556
1032	550.8991494277033
1033	530.3173999789984
1034	509.78820687844467
1035	489.73044893672875
1036	469.63156734050983
1037	449.3637805198206
1038	429.1880709860322
1039	409.23637509188194
1040	392.08630086636913
1041	379.3795536886329
1042	367.8881176161727
1043	357.70171698608533
1044	348.85022576919016
1045	340.97455633728873
1046	335.14847991598833
1047	330.31781569965824
1048	327.7472225139135
1049	325.8570618502572
1050	326.0536623785771
1051	326.5787345760042
1052	331.2350223155684
1053	336.2620635337364
1054	344.6632186925703
1055	353.52270937253843
1056	364.96928327645105
1057	377.29400399034046
1058	392.3102803738325
1059	410.230832239433
1060	433.7540666841679
1061	456.77261223418117
1062	479.14068784457913
1063	502.51445972907777
1064	526.771521579334
1065	550.5678865844059
1066	574.0911210291437
1067	595.7905912002537
1068	616.7923763519908
1069	634.8719033867155
1070	652.3043003412959
1071	665.6085166710423
1072	678.4937148857974
1073	688.1550433184564
1074	697.6617064846414
1075	705.8528327645055
1076	713.538065735588
1077	719.2085477265571
1078	724.0084641638226
1079	726.7388395904436
1080	728.4
1081	728.4
1082	726.5074556337287
1083	722.6221253806574
1084	716.0451562089785
1085	707.5389866106582
1086	697.8227869368887
1087	687.5319122125376
1088	675.7786925702285
1089	663.5970175899192
1090	649.8641428196377
1091	635.8972223680746
1092	621.4239222893144
1093	607.0640273037545
1094	594.7773378839585
1095	582.8987083902123
1096	573.2378872204132
1097	564.3670674717773
1098	557.856172223681
1099	552.4726976793029
1100	549.2174209807832
1101	547.1264592042112
1102	546.5071682923053
1103	546.2520204366001
1104	546.3552355885844
1105	547.3351635875734
1106	548.9865207967799
1107	550.7028022913764
1108	552.4574598751097
1109	554.2120549076272
1110	555.9666219424088
1111	558.0321411983278
1112	560.1996593899984
1113	563.1245394023842
1114	566.2209939619137
1115	570.5853854886988
1116	575.1266178140163
1117	581.4140991897611
1118	587.8166890287949
1119	595.7638455981007
1120	603.8039428188059
1121	613.1965216493784
1122	622.589100479951
1123	631.9816793105235
1124	641.2181958922497
1125	649.7846114150068
1126	657.9882954017647
1127	665.1101408886824
1128	671.9084116007845
1129	677.997791309733
1130	683.8159157764362
1131	689.1831036796199
1132	694.5954894978578
1133	700.0658925530264
1134	706.1556610589325
1135	712.8642997213335
1136	719.6892294988907
1137	726.6046446818398
1138	733.3908865724019
1139	740.0995252348021
1140	745.957619858595
1141	751.4280229137635
1142	755.1198637559993
1143	758.2163183155287
1144	758.8
1145	758.8
1146	754.65176239872
1147	749.9038654074421
1148	740.3259779130977
1149	730.4178346578594
1150	716.3887294870467
1151	702.3770862362586
1152	688.7526861743307
1153	675.0017339250711
1154	660.3459386933645
1155	645.4037363885022
1156	629.1989575269649
1157	613.0962378077097
1158	597.3043195541097
1159	581.7682010527395
1160	566.8027763443084
1161	551.9521597770563
1162	537.2956081952838
1163	522.773764062339
1164	508.4275983073585
1165	495.2078030654893
1166	483.13163028332457
1167	471.92014243690926
1168	461.3921969345105
1169	451.95382392403803
1170	443.1809887501292
1171	436.52272281570924
1172	430.84588945657197
1173	428.24616575497987
1174	426.69801837134906
1175	427.73353976363717
1176	429.3849821953862
1177	434.5377096557773
1178	440.21454301491457
1179	447.6227371245745
1180	455.1570543915786
1181	462.8970119213499
1182	470.6264423573116
1183	478.1607596243157
1184	485.63381328378983
1185	492.65244361872317
1186	499.65238168963214
1187	506.5677968725812
1188	513.4328826504286
1189	520.1415213128288
1190	526.8818083294622
1191	533.6940083604269
1192	540.7339044277013
1193	548.16501186913
1194	556.0402126232135
1195	564.5038550859272
1196	573.3740826753371
1197	582.6634463539243
1198	592.2299174059339
1199	602.0188436830833
1200	612.1710702085353
1201	622.5723346759808
1202	632.2643825838688
1203	641.543468950749
1204	649.1816754193643
1205	656.0138785499412
1206	660.2421025797901
1207	663.4031100234529
1208	663.6661670235546
1209	662.9523911491791
1210	657.0254627033094
1211	649.6833936674655
1212	636.7039869480978
1213	622.530437442642
1214	603.7758731453625
1215	584.2989955641681
1216	561.786152748038
1217	538.9453247680228
1218	514.8569899051686
1219	490.690578158456
1220	468.0215061438839
1221	445.37222392169025
1222	422.1235240134604
1223	399.35719165859354
1224	384.5710804058525
1225	370.0582747017428
1226	358.1280208014683
1227	346.52643010094886
1228	337.0434077699603
1229	328.0539744047313
1230	321.4257176362612
1231	315.2074844498824
1232	310.5169572754155
1233	306.1325345434152
1234	302.66544638760007
1235	299.5519118996634
1236	297.3086162944834
1237	295.0653206893034
1238	292.82202508412354
1239	290.54135522357626
1240	288.1959720593484
1241	285.7268073824818
1242	283.07563984908717
1243	280.33398256258585
1244	277.47873349309134
1245	274.3777607831142
1246	271.01281737534407
1247	267.38240032629756
1248	263.50761700825973
1249	259.23348799265835
1250	254.64469484525597
1251	249.14138880391567
1252	243.0233098806973
1253	235.6716259623714
1254	227.61574465915388
1255	218.18296115019825
1256	208.08813092688908
1257	197.41094116447437
1258	186.50036708473493
1259	174.51508693213697
1260	162.17633202467866
1261	149.43468950749562
1262	136.58672376873702
1263	123.9074491408759
1264	111.26277469025601
1265	100.03560721933337
1266	89.02306515754155
1267	80.13791169572805
1268	71.47063322116868
1269	65.31027379799102
1270	59.29385611584124
1271	55.98792699092491
1272	52.78358231785047
1273	52.06977005047676
1274	51.431457122463534
1275	51.94129703273173
1276	52.6045477719997
1277	54.643907413072256
1278	56.72577372151107
1279	59.07115688573895
1280	61.43462832670539
1281	63.88185989599275
1282	66.37321164533742
1283	69.02451435272515
1284	71.88371571326574
1285	75.3506271030895
1286	79.23652493117164
1287	84.13098806974637
1288	89.66897465966488
1289	96.50117779024096
1290	104.50535331905715
1291	114.49821556031385
1292	125.40973843879082
1293	137.64652016519716
1294	151.02531864994444
1295	165.8106760477205
1296	181.28117934616446
1297	197.474274366024
1298	214.83895508707494
1299	233.27260413483955
1300	250.2827375496478
1301	266.170302474793
1302	280.36030145635954
1303	293.39625216417096
1304	306.2392606171703
1305	318.9696812302674
1306	329.38807414196935
1307	338.6558203483041
1308	345.77294021794467
1309	351.98538547713605
1310	356.76571952337304
1311	361.04314084937363
1312	364.92540612109786
1313	368.6938025156591
1314	372.5448008962215
1315	376.41484876260307
1316	380.80356451777163
1317	385.2846725735818
1318	389.9460433852734
1319	394.6308381708932
1320	399.12799674101234
1321	403.6091047968225
1322	406.82264996435487
1323	409.9797942764029
1324	410.0
1325	409.9028821672267
1326	406.6438944902739
1327	403.1832357284716
1328	396.86862555380134
1329	390.39776963030846
1330	382.55583053264064
1331	374.6010489866583
1332	365.9443629697523
1333	357.3766371320906
1334	349.2291679397085
1335	341.5112740604947
1336	335.4006721662081
1337	330.17086261330064
1338	327.6247784906812
1339	326.0885222527753
1340	327.1069559018231
1341	329.62218148487665
1342	335.32540991954414
1343	342.07918321621406
1344	350.7358692331201
1345	359.91141664120664
1346	369.8920664018748
1347	379.91653511228884
1348	389.9995416815203
1349	400.64986251145814
1350	411.9544760158884
1351	422.1884509624205
1352	431.3543538038505
1353	438.66149302373003
1354	444.3647214583975
1355	448.20054995417075
1356	450.6447907118854
1357	451.6
1358	451.6
1359	450.67978409206637
1360	449.25397698339964
1361	446.43972093496984
1362	442.9768701940213
1363	438.6367858234031
1364	433.9519910377834
1365	428.268795192993
1366	422.2600366636119
1367	415.20494958753517
1368	407.87222731439124
1369	400.7920256645287
1370	393.76483348609906
1371	387.61624401670286
1372	381.607485487321
1373	376.9719319686326
1374	372.4908239128224
1375	370.8667277726857
1376	369.44092066401885
1377	371.9719319686321
1378	374.665688970363
1379	383.42421835217385
1380	392.57443601364673
1381	410.29608392320506
1382	428.4983603218233
1383	452.2278643446363
1384	476.30056013850526
1385	502.9835217435568
1386	529.9303391384036
1387	558.3446379468363
1388	586.3555759242273
1389	612.6311640696597
1390	637.3270394133815
1391	656.5754353803843
1392	673.5378551787347
1393	684.0277217639267
1394	691.9769989270934
1395	693.9184488836662
1396	693.5676186583562
1397	688.765084555255
1398	681.3041128084611
1399	669.5532314923613
1400	655.846748071321
1401	639.4976958054449
1402	622.1444030041371
1403	603.6495376283647
1404	586.0418024830118
1405	569.2840239104886
1406	553.9399274510805
1407	539.7366882951006
1408	527.7871353394986
1409	517.3646145200025
1410	510.0752260767387
1411	504.55742093700553
1412	502.8
1413	502.8
1414	506.42599499310325
1415	511.43289224952787
1416	521.1415725744656
1417	532.2793644305937
1418	547.2225616921274
1419	563.060706074695
1420	582.2953354110253
1421	602.1185612834004
1422	625.3255300669282
1423	648.9294742757869
1424	671.479446175853
1425	693.9593930414328
1426	719.7452408930674
1427	745.4980177786884
1428	767.057228977217
1429	788.1465794717228
1430	802.5541817810262
1431	816.0313595258779
1432	821.8557093955963
1433	826.3368109129922
1434	823.2713636131405
1435	818.2652429366984
1436	805.1860011239975
1437	790.4634751954228
1438	770.4358861697244
1439	749.0389005262366
1440	724.1065958207754
1441	700.4570888468821
1442	679.5098656312258
1443	659.1959842640352
1444	639.9858478516308
1445	622.2323609053277
1446	606.5985796760835
1447	593.4478107597197
1448	583.3318346702088
1449	575.3303428191897
1450	569.5059929494713
1451	565.3228835640934
1452	562.5639809942269
1453	560.6911459663824
1454	559.4649670464416
1455	558.2387881265008
1456	557.01260920656
1457	555.0406580493535
1458	552.6904817861338
1459	549.4022173402133
1460	545.7236805803911
1461	541.1268584274253
1462	536.2221427476626
1463	530.9129923874725
1464	525.4973688244011
1465	519.9964951719206
1466	514.4786900321874
1467	509.40895110611586
1468	504.4020538496913
1469	500.24094415776875
1470	496.1536810912997
1471	493.0498135186226
1472	489.98853522709834
1473	487.7405405405404
1474	485.5413886476268
1475	484.31520972768607
1476	483.1815060794932
1477	482.9771533667109
1478	482.81360036785367
1479	482.9157819445154
1480	483.21556225412553
1481	484.44174117406624
1482	485.6232667450058
1483	486.64508251162306
1484	487.4800694834721
1485	487.7866142134573
1486	487.87578807540996
1487	487.4670617687631
1488	486.38542890716786
1489	484.0352526439482
1490	481.32706279057874
1491	478.0572523374035
1492	474.7820084111191
1493	471.49962047389494
1494	468.71190317452186
1495	466.4553771988306
1496	465.1815981126269
1497	464.7712996204739
1498	465.1377198830709
1499	466.06084414585354
1500	468.67098825580786
1501	472.26091594440754
1502	476.55124628167005
1503	481.1671043183915
1504	486.00830811836477
1505	490.93163751987237
1506	495.373269053236
1507	499.68140322084326
1508	503.2202061644187
1509	506.6049951279552
1510	508.26839325093584
1511	509.7043643263756
1512	509.60851369371215
1513	509.4033644476356
1514	505.9698343504796
1515	502.4167914657916
1516	496.98033644476345
1517	491.38039899481964
1518	483.99540489255827
1519	476.41799066618796
1520	467.5970254884868
1521	458.4927172017647
1522	448.1326802748997
1523	437.6526078260416
1524	426.7802553977124
1525	416.1994666119603
1526	406.35230280028776
1527	397.8437766039288
1528	391.9973229396378
1529	386.90050261565267
1530	383.002666940199
1531	380.04167393199657
1532	378.29799476896267
1533	377.54923842248314
1534	377.8569465100774
1535	379.7564057852088
1536	383.038793722433
1537	387.64182778604
1538	393.180573362736
1539	401.32653605497933
1540	410.9685506205765
1541	422.71987281399043
1542	435.43847376788506
1543	448.38345556182384
1544	461.40976460331416
1545	474.19478920915054
1546	486.9140424658942
1547	499.8899943586848
1548	512.9163034001737
1549	525.1251820699559
1550	537.2289875884715
1551	547.315462331402
1552	557.2646904969486
1553	565.0892558592745
1554	572.8059185557489
1555	578.4475228228537
1556	583.9468177855277
1557	587.9470229242527
1558	591.8490306698122
1559	595.1314186070364
1560	598.4904969485611
1561	602.1829939996923
1562	606.1673214010978
1563	611.0906508026053
1564	616.514863062878
1565	623.1822135603646
1566	630.5761936509557
1567	639.3971588286578
1568	648.7350189763055
1569	658.8899066570928
1570	669.4935124878198
1571	680.6735730037445
1572	692.4540335401826
1573	704.864926406483
1574	717.4416863268029
1575	730.1609395835466
1576	740.9495358736344
1577	750.3859172265251
1578	756.61491435019
1579	761.025623140835
1580	762.4
1581	762.4
1582	758.0066464946921
1583	752.0576234678697
1584	742.6300748794743
1585	732.2700379526106
1586	720.1897430637473
1587	707.7788501974469
1588	697.1909631757105
1589	686.8309262488456
1590	679.0508410061213
1591	671.4380638856034
1592	667.1008384342373
1593	662.984291739533
1594	662.6756815142475
1595	662.718327246541
1596	665.7017128748524
1597	669.3039604978919
1598	676.0933854541715
1599	683.2873103235429
1600	691.9288411089966
1601	701.2476210071504
1602	712.358160588448
1603	722.9250282892714
1604	732.389075198025
1605	740.5428835965228
1606	746.612530219639
1607	750.909165723691
1608	752.966567225594
1609	753.8463967902886
1610	753.5377706908081
1611	751.8053495190577
1612	748.9248392572398
1613	746.4833144738196
1614	744.3230428968216
1615	743.9422149066406
1616	744.456591739108
1617	749.7193662877422
1618	756.8177665757935
1619	768.9521242670514
1620	782.5309741796125
1621	801.5942389794772
1622	821.7578108122001
1623	847.4063162226106
1624	873.7410554469715
1625	907.8511599197595
1626	942.4131680469138
1627	968.7492618692459
1628	995.0852792922524
1629	1021.4200185166133
1630	1046.9238413661853
1631	1065.8529088009889
1632	1083.4675856393383
1633	1094.5775537496145
1634	1104.052250398642
1635	1107.8586389589013
1636	1110.110663031737
1637	1108.3617818013477
1638	1104.4026438969183
1639	1096.0697392109462
1640	1085.8433928295879
1641	1072.6753459184204
1642	1057.4360559613208
1643	1039.639532969858
1644	1020.4963427807203
1645	1000.0241448485169
1646	980.4729348832435
1647	961.6477111408293
1648	937.6338871457222
1649	910.3719150249456
1650	886.2158016562929
1651	863.5832210277264
1652	843.1944655899609
1653	823.6491513218806
1654	805.391214443701
1655	787.4909006738326
1656	770.5394578468187
1657	753.7707731083807
1658	736.9108527929235
1659	720.0401604773173
1660	704.1461653207135
1661	688.3083839111193
1662	673.2893529472278
1663	658.1174425183904
1664	640.628630214496
1665	622.8610873926241
1666	603.0061416593792
1667	582.8297397387091
1668	561.124153893633
1669	539.1349930559145
1670	516.1937863278648
1671	493.92817611356867
1672	473.3541610945368
1673	452.2532688647694
1674	430.1350650686702
1675	409.97774805822877
1676	392.79756185381484
1677	377.9475027004785
1678	365.9110848207394
1679	355.3929118872481
1680	346.33987963582035
1681	339.3206460240712
1682	333.8685320440284
1683	330.8423332133121
1684	329.29920271590964
1685	329.5655076638206
1686	330.6970784898672
1687	334.6213259156231
1688	339.56646577035974
1689	346.3859166537884
1690	353.7006026889197
1691	362.50385328662674
1692	371.5704100556357
1693	382.6020810796891
1694	393.83166949982024
1695	410.64220070059855
1696	427.690186988102
1697	446.5435326842854
1698	465.30961726678186
1699	483.13272549322636
1700	501.2219039769201
1701	520.9004533278372
1702	540.2871580899389
1703	558.5223613042803
1704	576.1124710245712
1705	591.8751043115442
1706	606.9133570287958
1707	620.4094678823477
1708	633.0481532993359
1709	644.2777417194658
1710	655.1023696682455
1711	665.4052750875738
1712	675.8100757224533
1713	686.3184979137686
1714	698.597846803688
1715	712.3000051511873
1716	728.0242736451681
1717	745.0240675870599
1718	762.3694328542737
1719	779.8834698397992
1720	796.9464661034425
1721	813.8432309911409
1722	828.4618657600579
1723	842.4730953484767
1724	852.0277030855606
1725	860.7847215783233
1726	861.8802967083913
1727	862.1893679493123
1728	854.2416215937773
1729	845.7793941891607
1730	828.4705130846891
1731	810.6137845773436
1732	786.71227527945
1733	762.1095451501545
1734	733.2628959975276
1735	705.2011847730921
1736	680.2694380054616
1737	656.0586926286516
1738	633.9085870293104
1739	613.133742015248
1740	595.3097156398101
1741	579.7757688147113
1742	568.0310616597119
1743	559.0673397898203
1744	553.7098289717695
1745	551.1018286715088
1746	551.3078761654562
1747	554.874671611806
1748	561.1591201772005
1749	569.8382443849162
1750	580.0381207500512
1751	591.8952557564517
1752	604.5671766342143
1753	618.2907021068361
1754	632.4049554422302
1755	646.762695101222
1756	661.1860196775372
1757	674.9988770411584
1758	688.7010353886561
1759	703.2431897795168
1760	717.8733154749631
1761	731.1123061865756
1762	744.2058002369545
1763	753.2718899706383
1764	761.9270591871427
1765	765.9449853191163
1766	769.3278318652449
1767	768.8127131303766
1768	767.1301050896359
1769	760.7423037296523
1770	753.2664915262977
1771	742.6550455880086
1772	731.2287245003096
1773	718.0410055635693
1774	705.3559161386701
1775	693.5081852366969
1776	682.5095966620303
1777	672.619316952557
1778	663.6928806923547
1779	655.7596435194719
1780	649.4169474063771
1781	644.3687838046673
1782	641.394488229537
1783	639.7461082779582
1784	640.0261505199218
1785	641.2616081540205
1786	645.7113398877855
1787	651.3735625675608
1788	659.2136929887779
1789	667.6559868217848
1790	677.5694342924797
1791	687.7614351160765
1792	698.9704843774138
1793	710.2949297369646
1794	720.6357955422867
1795	730.8679878519586
1796	736.221362021928
1797	741.1639658190055
1798	740.6491918047977
1799	739.0589282956703
1800	730.1023215112983
1801	719.9666529393594
1802	704.6263873159687
1803	688.6382869202664
1804	670.6221238482516
1805	651.3422144438132
1806	629.1051217377861
1807	605.8393493256452
1808	580.7183774323075
1809	554.8305760024722
1810	527.8578061460876
1811	501.4667764851246
1812	475.72807577473463
1813	448.1935656560448
1814	419.0588562310187
1815	393.36345292634036
1816	370.09686518762686
1817	346.6307834860502
1818	323.0541336353329
1819	302.79709682400687
1820	283.9573377258451
1821	268.86324513538585
1822	254.96434675177684
1823	244.17237864827302
1824	234.08332732794477
1825	229.56524424769626
1826	225.85906213002508
1827	228.3769896015649
1828	231.3626788839698
1829	241.87125135121144
1830	252.6872438999264
1831	268.0275095233188
1832	284.1462809491953
1833	307.10402017810276
1834	330.8827816955776
1835	358.98799608791734
1836	388.8568516421268
1837	425.09694224235596
1838	461.25183507489777
1839	497.1812117156544
1840	533.8961803768143
1841	572.1953670338702
1842	608.9723786482715
1843	643.3575127400024
1844	675.5836516188832
1845	705.1301590569839
1846	731.8781941727583
1847	755.866663234839
1848	773.5603026715387
1849	786.3260410768505
1850	792.6638731596828
1851	795.0318336250386
1852	791.9746023575435
1853	786.3123796777681
1854	774.6894734132915
1855	760.8942399752932
1856	742.4612169257701
1857	722.7968495830321
1858	702.1734802079574
1859	681.3776805476913
1860	660.6740759806454
1861	639.9801606094942
1862	618.0984506099759
1863	596.160117362432
1864	573.7171256498676
1865	551.2661278698647
1866	528.7190260475656
1867	506.50390693365
1868	486.4287537962622
1869	466.2350458148852
1870	445.54113044373406
1871	425.12945900036
1872	405.5690533793177
1873	387.9637205950487
1874	374.78618417666235
1875	362.61912900236865
1876	352.22069391537104
1877	343.33944510217714
1878	336.54477788644664
1879	332.31059404921245
1880	330.86922680943076
1881	332.03680919725673
1882	335.4656111335215
1883	341.90318676885875
1884	350.77773295683824
1885	361.432059298105
1886	373.4328660750304
1887	387.5615066559099
1888	403.1928096006465
1889	422.28975393303864
1890	443.66934247680496
1891	463.049092375958
1892	481.201573215007
1893	499.61081081081136
1894	518.1666801129481
1895	536.1954820492131
1896	553.9445744251719
1897	570.477269060105
1898	586.4111133521571
1899	601.3751512706731
1900	615.8971359419122
1901	629.8513916901975
1902	643.5665994352551
1903	657.3544675272278
1904	671.1705223880596
1905	685.5070592981047
1906	700.0290439693439
1907	717.5169322307394
1908	735.9719544171037
1909	753.7272892295284
1910	771.2746873739425
1911	787.471651875757
1912	803.3046490520367
1913	816.9470956030658
1914	830.05722065349
1915	839.6886647841873
1916	848.5632109721657
1917	853.8879185155304
1918	858.5268858410651
1919	859.2
1920	859.2
1921	855.5078459056073
1922	851.2722670431625
1923	843.7210327265387
1924	835.7537088396947
1925	825.3214602662359
1926	814.6316659943527
1927	801.9888463089952
1928	789.1812626058885
1929	774.8585518354172
1930	760.4374142799521
1931	744.3776522791447
1932	728.2421137555457
1933	711.9104074223477
1934	695.5731746672055
1935	682.2292860024205
1936	668.9230939895115
1937	656.5188987494961
1938	644.1541347317476
1939	633.4643404598633
1940	622.8708753529648
1941	614.6014118596213
1942	606.5146026623644
1943	601.4722468737397
1944	596.6815651472367
1945	595.0680112948769
1946	593.7000605082695
1947	594.8093787817669
1948	596.3934852763209
1949	601.9400766438081
1950	607.873699072207
1951	616.5465510286406
1952	625.5455223880592
1953	636.5378580072611
1954	647.7206736587339
1955	659.9231746672043
1956	672.0905405405398
1957	684.0913473174666
1958	696.2077248890683
1959	708.8136143606287
1960	721.000383219039
1961	731.5893303751509
1962	741.40824971005
1963	748.5687559880998
1964	754.9254739814444
1965	758.7576643807988
1966	761.9386345300525
1967	763.2496470350949
1968	764.2
1969	764.2
1970	763.9645018152481
1971	763.1577248890682
1972	761.6971863654699
1973	758.7726200080679
1974	755.125887454619
1975	749.982684550222
1976	743.7348426784994
1977	735.3645320693834
1978	725.618081887859
1979	713.4155808793872
1980	700.9098124243643
1981	687.9005344897126
1982	674.2180112948757
1983	659.4943323920933
1984	644.4402783380394
1985	628.9098225090754
1986	613.6803045582888
1987	598.8557785397339
1988	585.0143303751515
1989	572.4084409035897
1990	561.1939390883418
1991	551.613463089956
1992	543.619423154498
1993	537.3669019766035
1994	532.5576542960871
1995	529.2296994755952
1996	527.2912263009279
1997	526.6861436062928
1998	526.8252521177894
1999	527.6320290439694
2000	530.0843283582093
2001	533.9165187575636
2002	539.0492436466315
2003	545.2009177087529
2004	552.866811214199
2005	561.640510286407
2006	571.9728203318048
2007	583.3691190560222
2008	596.1827349737787
2009	609.8979427188395
2010	624.3731343283599
2011	639.2985074626874
2012	653.8987494957644
2013	668.3198870512293
2014	681.2064542154079
2015	693.3081081081058
2016	704.0414683340047
2017	714.1261799112552
2018	720.1445744251718
2019	724.380153287616
2020	724.7383622428399
2021	723.5281968535702
2022	717.7611940298509
2023	710.2985074626854
2024	701.1064138765616
2025	691.3242436466309
2026	681.0038725292454
2027	670.5157724889073
2028	659.5561920129096
2029	648.4630092779365
2030	637.1290036304968
2031	625.7332795482035
2032	614.4195240016124
2033	603.1246470350944
2034	592.58273497378
2035	582.1954820492143
2036	572.5764421137569
2037	563.0968132311435
2038	555.4452601855593
2039	548.0834207341663
2040	543.3839451391689
2041	539.0475191609521
2042	538.4191206131505
2043	538.2174263816056
2044	541.3325534489715
2045	544.7613553852366
2046	553.0692214602674
2047	561.7420734167009
2048	573.6626865671643
2049	585.7643404598622
2050	599.9075433642581
2051	614.1269866881781
2052	628.6438807926962
2053	643.1665977509945
2054	656.1793565954022
2055	669.1491528842298
2056	679.435558693023
2057	689.6272690601056
2058	696.8882613957243
2059	703.9940298507461
2060	708.0279144816454
2061	711.8
2062	711.8
2063	711.3715611133512
2064	706.1275110931821
2065	700.6748588140375
2066	693.3130193626463
2067	685.6953711173867
2068	676.1148951190008
2069	666.3612343686989
2070	655.4697458652682
2071	644.548225090761
2072	633.4550423557879
2073	622.5623840258169
2074	612.6793666801135
2075	603.2564643001216
2076	595.8946248487287
2077	589.0955526421935
2078	584.5574324324318
2079	580.5641387656311
2080	578.5471964501814
2081	577.0
2082	577.0
2083	577.0755445744252
2084	577.3780859217427
2085	577.9762605889474
2086	579.3881202097622
2087	580.7999798305768
2088	582.2118394513917
2089	583.6236990722065
2090	585.0355586930211
2091	586.5433210629819
2092	588.2578084816698
2093	590.2415691811212
2094	592.7627470754339
2095	595.6374949576449
2096	599.1671440096818
2097	602.9561516740624
2098	607.1917305365066
2099	611.3885639370711
2100	615.523295683743
2101	619.1323114158932
2102	621.9560306575235
2103	623.7685356998791
2104	624.1719241629689
2105	623.6110931827349
2106	621.7958450988302
2107	618.2507462686573
2108	612.6033077853983
2109	606.0115369100454
2110	598.3471561113349
2111	590.438221056877
2112	582.2696046793059
2113	574.5564340459865
2114	567.2954417103678
2115	561.4465308592175
2116	556.9084106494548
2117	554.530032271077
2118	554.0257966922145
2119	555.5263210972167
2120	558.6525816861637
2121	564.7053247277122
2122	572.9747882210557
2123	583.4891488503421
2124	595.5908027430428
2125	609.8194231544998
2126	625.4507260992345
2127	641.9565348931021
2128	658.9996974586517
2129	676.1070189592557
2130	693.2510286405777
2131	713.0950181524788
2132	734.3737595804774
2133	754.5717426381622
2134	774.2369302137962
2135	792.7256315869098
2136	810.677323382584
2137	827.4222972972979
2138	843.6586829366676
2139	860.1856292860009
2140	876.8254033884606
2141	893.2421742638153
2142	909.5794070189612
2143	926.2967829770088
2144	943.1382513110133
2145	955.083178701089
2146	965.5712787414271
2147	973.6768656716407
2148	981.1395522388045
2149	985.5200080677689
2150	989.1505042355791
2151	989.385972166196
2152	988.8817365873335
2153	982.9695139169024
2154	976.0110629286011
2155	963.8809701492536
2156	950.8716922146004
2157	927.052158128274
2158	901.6386849536083
2159	876.8522892295276
2160	852.1447458652693
2161	828.9889068172675
2162	805.9957644211415
2163	783.2815348931026
2164	760.5909338442889
2165	738.1843283582068
2166	715.7962686567157
2167	697.4553045582901
2168	679.3028237192433
2169	663.797791448167
2170	648.3681827349772
2171	633.0383219039944
2172	617.7167002823703
2173	603.5981040742228
2174	589.5206999142757
2175	577.2167313801621
2176	564.9487293263405
2177	553.55300524405
2178	542.2308837019677
2179	532.1401691978394
2180	522.145469371114
2181	513.0740189583117
2182	504.27165426561976
2183	497.2387320354697
2184	490.5172926966
2185	485.3187808980174
2186	480.58606665987173
2187	477.63020079502604
2188	475.4
2189	475.4
2190	476.26631670149334
2191	479.3242648183067
2192	484.0518397716838
2193	492.3078789114252
2194	502.72308241170134
2195	516.9935069568335
2196	533.1650086637468
2197	552.2252471715403
2198	572.8805524411331
2199	595.610141677705
2200	619.4961826614322
2201	644.673288823201
2202	668.3410661502425
2203	690.5610233411513
2204	713.8991794505918
2205	738.1589011773108
2206	758.4751197635309
2207	776.0064621343397
2208	789.340739985731
2209	800.1449393537875
2210	806.9700626879365
2211	811.7608480709442
2212	813.2
2213	813.2
2214	811.245726517507
2215	808.5955048162688
2216	803.811752114974
2217	798.4096524309457
2218	792.0959127509946
2219	785.5726225665076
2220	778.1817134702612
2221	770.63877478212
2222	762.0996636428498
2223	753.4359188665801
2224	743.2605677590346
2225	732.9654757657607
2226	720.9013454285996
2227	708.7730404647832
2228	697.051503414533
2229	685.3258549513257
2230	673.5017888996475
2231	661.5585159514834
2232	648.2061563551115
2233	634.7238774782118
2234	620.2495897252953
2235	605.932076240956
2236	592.4777902354516
2237	579.1991743960872
2238	566.6622260727762
2239	554.4056062382148
2240	543.0911982060055
2241	532.2944042401406
2242	522.9171745999405
2243	514.2859385352436
2244	507.3545894704652
2245	501.75148302925254
2246	498.69369075527425
2247	496.8776067679136
2248	497.0814595861788
2249	499.54621069262623
2250	505.152448906784
2251	512.991478952197
2252	523.4898990928557
2253	535.8524438102039
2254	550.1228683553328
2255	565.4776067679122
2256	581.7858322291297
2257	598.4425848537352
2258	615.3623687697484
2259	630.3624178176439
2260	644.1231843433038
2261	653.2772398328397
2262	659.9024564264594
2263	661.512379593293
2264	660.7988583660364
2265	653.0274895525412
2266	642.5290694118825
2267	624.4481602283138
2268	603.960951992664
2269	579.8175933948338
2270	554.7424188369588
2271	526.4349607583292
2272	497.48786056466815
2273	468.3615819784906
2274	439.2091432648703
2275	411.3573132198557
2276	383.6333299357859
2277	361.7837772274734
2278	340.2544903219307
2279	320.6852782129712
2280	301.1775205943338
2281	288.0804426925429
2282	275.07402840248733
2283	264.66315257492437
2284	254.3062920099072
2285	245.51263961186658
2286	236.80744933542127
2287	229.63102036690702
2288	222.5851821903269
2289	217.12705311568223
2290	211.84596725288085
2291	208.20739842328692
2292	204.83231414565114
2293	203.41724364481735
2294	202.3130439177237
2295	203.12165563248587
2296	204.48390357305232
2297	208.72911507555466
2298	213.45367160256825
2299	220.3268711780467
2300	227.57058823529448
2301	236.2627248837689
2302	245.00042452115156
2303	253.89515338353544
2304	262.61568706726666
2305	270.8028806792336
2306	278.63848797250824
2307	285.51134020618565
2308	291.9174003133373
2309	297.1733764592914
2310	302.2099454214674
2311	306.75815645845984
2312	310.8712487997172
2313	314.10569565876585
2314	317.0551068883609
2315	319.4809420326474
2316	321.8689947945619
2317	324.1937534745037
2318	326.59838277657093
2319	329.12529438520266
2320	331.7363250454824
2321	334.4652516676778
2322	337.1942386415328
2323	339.9233031788551
2324	342.6523677161774
2325	345.3814322534998
2326	347.9648860362863
2327	350.3907211805728
2328	352.61379693738303
2329	354.6353262242889
2330	356.6039619971702
2331	358.5243177683443
2332	360.4447263354727
2333	362.3651791580333
2334	364.2856319805936
2335	366.20608480315383
2336	368.4229948956387
2337	370.8488300399252
2338	373.7047758629401
2339	376.83814625764353
2340	380.60735799474384
2341	384.75128360622585
2342	389.7499671501488
2343	395.20809622479345
2344	403.17826856016563
2345	412.3762268155874
2346	423.88570273412046
2347	436.41918431293414
2348	450.54104209834816
2349	465.2982058927577
2350	481.764827167981
2351	498.84588639579704
2352	518.5284176479521
2353	539.0469399100422
2354	560.5878809319239
2355	582.4203972305024
2356	605.3831817262972
2357	628.6295936931473
2358	649.2227826350627
2359	669.2359225754263
2360	685.4190721649477
2361	700.882989690722
2362	715.1262343963206
2363	729.1758629403132
2364	737.861969980289
2365	745.8470106635655
2366	749.3463486127254
2367	752.3786425430842
2368	752.6
2369	752.6
2370	750.6830806549423
2371	748.6616535273901
2372	745.7581846667001
2373	742.8269672006871
2374	740.5967756607874
2375	738.39030108712
2376	737.5887380391764
2377	736.8032062521918
2378	737.0035970141777
2379	737.2677887987169
2380	740.6742610960825
2381	744.142477831773
2382	750.1542006913484
2383	756.2295275787777
2384	764.5457442011922
2385	772.9313962226347
2386	783.4519112268939
2387	794.0220830619733
2388	805.945333400131
2389	817.8843101893586
2390	830.2077246768847
2391	842.5613947197018
2392	855.5867942487845
2393	868.4991483819259
2394	879.1193267207695
2395	889.4799458944942
2396	894.9906918491062
2397	900.2
2398	900.2
2399	899.7009518084375
2400	891.1847710650252
2401	882.2121536997176
2402	866.3812835028324
2403	850.4374830920302
2404	832.903291418265
2405	815.1369871248914
2406	794.2963478783638
2407	773.2849456440099
2408	750.1398126346398
2409	727.1041779380829
2410	705.3628694519598
2411	683.9738991032524
2412	666.5399028104802
2413	649.0629727969527
2414	631.1279995992198
2415	613.5611041531013
2416	599.734141576075
2417	586.3193827964535
2418	576.9010169831167
2419	567.8437631499844
2420	562.1329125338137
2421	556.7972045488701
2422	554.7932969290113
2423	553.0737100490934
2424	553.7750425809038
2425	554.8691849105763
2426	559.1775862932719
2427	563.7346325334395
2428	570.2473322979808
2429	576.935377216712
2430	584.9506061516884
2431	593.1832072541456
2432	603.0023545914542
2433	612.9960022042999
2434	624.217884875507
2435	635.4140574119518
2436	646.4355493211757
2437	657.284845448625
2438	667.0037974049407
2439	676.5999599238568
2440	685.4167117523307
2441	694.1494213716757
2442	702.3654426130952
2443	710.1636290766987
2444	715.4739842693248
2445	720.0295977155453
2446	720.2299884775312
2447	719.67089825159
2448	714.8615199639297
2449	709.2420398757655
2450	699.2230037070451
2451	688.8367817243648
2452	676.5127498622327
2453	663.6819356777885
2454	648.2526199779592
2455	632.5554531336118
2456	615.5222383648112
2457	599.1739592204793
2458	586.1485596913996
2459	573.6311592024866
2460	563.5119326720768
2461	553.9473573468252
2462	546.9336806773207
2463	540.3588597765648
2464	535.7498722508893
2465	531.3089724963677
2466	527.6017433996287
2467	523.7419768548663
2468	519.2331847101848
2469	514.2185552549852
2470	507.1050395751937
2471	499.4359701417776
2472	489.51662742347617
2473	478.9499423876554
2474	465.82434747757975
2475	452.12472273337397
2476	436.2098672104239
2477	420.3338240413797
2478	404.617904212463
2479	389.58063361018463
2480	377.54502412095366
2481	365.92407619237235
2482	356.2756950315817
2483	347.22720445615937
2484	341.25913363505174
2485	336.00306360968796
2486	334.7099815984483
2487	334.0788780026854
2488	337.4607848013131
2489	341.6108917292494
2490	350.8614015019641
2491	360.6738449296244
2492	374.5993435122089
2493	389.28726314219006
2494	410.1755110160667
2495	431.48633809121696
2496	456.65170338688176
2497	481.895936738448
2498	507.9565126572846
2499	533.9477992738877
2500	559.1131645695524
2501	584.1989158004642
2502	608.1706669319132
2503	631.8249166956789
2504	650.1270005470757
2505	668.140707216395
2506	680.0768488586075
2507	691.9063012881082
2508	700.7589396727512
2509	709.5569005818878
2510	716.1217784851048
2511	722.660396876709
2512	727.2359178395582
2513	731.8111901327898
2514	736.2872432486195
2515	740.7632963644492
2516	745.8312627443172
2517	750.9041229422587
2518	756.5625105684591
2519	762.2321778485114
2520	767.9018451285623
2521	773.5715124086132
2522	778.1911274680458
2523	782.766648430895
2524	785.1710846968716
2525	787.4588451782957
2526	787.4133386382853
2527	787.2144029442484
2528	782.7712140050726
2529	777.9967573481864
2530	770.212632416571
2531	762.1557368080774
2532	751.6651215994432
2533	740.9225941214494
2534	728.5767444173675
2535	716.0437956930443
2536	704.0389018749702
2537	692.1027602327549
2538	681.4707912667222
2539	671.0266673297839
2540	660.2385556550266
2541	649.396021088231
2542	637.1119013278957
2543	624.5789526035726
2544	612.1297657532212
2545	599.6962848759136
2546	589.2475456308738
2547	579.2012930820092
2548	570.0530064156752
2549	561.1009001840157
2550	553.7601730740537
2551	546.7974237827614
2552	541.9017953946386
2553	537.5252101258274
2554	535.2665141493014
2555	533.5755607499875
2556	533.2
2557	533.2
2558	535.1077933058135
2559	537.5944894812751
2560	540.9089073457006
2561	544.4897498383651
2562	548.5156910528673
2563	552.6933406276416
2564	557.1634654597898
2565	561.7389864226391
2566	566.8909434525287
2567	572.2622071915243
2568	578.4143631571085
2569	584.8797732133085
2570	592.5339235092259
2571	600.6902869647397
2572	611.0502213159604
2573	622.3895558760623
2574	634.4746605659715
2575	646.908141443279
2576	658.1761117163517
2577	668.8723581261758
2578	678.794008417925
2579	688.301312205992
2580	696.4318708527287
2581	703.7607804298303
2582	708.1774586510842
2583	710.7524809349306
2584	708.8624938100431
2585	703.9105278795679
2586	694.6964048727334
2587	682.3164900465482
2588	664.8307798960134
2589	643.2412775439449
2590	616.8303753590153
2591	586.2272259086856
2592	553.8890814558057
2593	519.9202772963583
2594	484.9681687629967
2595	449.0168961077549
2596	414.5760919084899
2597	381.7940774487516
2598	351.00441715361274
2599	322.58013271268516
2600	297.6246013667401
2601	277.1234624145774
2602	258.611676157464
2603	242.86520425847817
2604	229.3308012280864
2605	219.1297514113098
2606	211.29658314350806
2607	207.3350103991288
2608	205.29929682083778
2609	206.68584728137083
2610	210.06321679706969
2611	217.29308705556184
2612	225.7638128249576
2613	236.855667244369
2614	248.63515895810858
2615	262.00546697038857
2616	275.79530553629843
2617	290.6512033277207
2618	306.574795741519
2619	325.49036890319377
2620	344.357938001387
2621	363.07636921857903
2622	382.23869466177854
2623	402.9379122511601
2624	424.26560364464234
2625	448.03504011092326
2626	471.71271664851145
2627	494.98695652173956
2628	518.4253032928937
2629	542.6887348353561
2630	566.9958403486203
2631	591.5575913637716
2632	616.056301064619
2633	640.1216637781635
2634	663.5057640883442
2635	681.2338021194414
2636	698.7960582351183
2637	714.6423492126353
2638	729.8966920867571
2639	737.1265623452509
2640	743.873051401406
2641	741.2980291175595
2642	738.3499083931666
2643	723.296677395394
2644	708.1795780925003
2645	686.9851639100712
2646	665.7907497276422
2647	634.5852431415296
2648	603.2888184609335
2649	569.2018223234621
2650	535.0332574031833
2651	499.16719817767245
2652	463.2159255224307
2653	427.08155484030345
2654	390.9339935627574
2655	361.3878379716718
2656	332.46835693770316
2657	307.3557195206504
2658	282.6949291868895
2659	263.1449368655617
2660	244.32839811834594
2661	228.30545706645597
2662	212.75628404476737
2663	201.67600277310072
2664	191.47495295632183
2665	184.99235416460246
2666	179.347113003862
2667	176.5427948895711
2668	174.462969198772
2669	174.38494676900223
2670	174.8801188412974
2671	177.3269188867981
2672	180.39713776369203
2673	184.41802426343142
2674	188.77553849962877
2675	193.27562642369023
2676	197.83143507972636
2677	202.45427553444176
2678	207.10589865399888
2679	210.8840516601519
2680	214.24888910881342
2681	216.50691805225668
2682	218.18942003167058
2683	218.92610223167895
2684	219.12403384630608
2685	219.01705180860014
2686	218.72015438665943
2687	217.83411351378103
2688	216.5475580187046
2689	215.26100252362812
2690	213.97444702855165
2691	213.01653800475057
2692	212.32374307205058
2693	212.0
2694	212.0
2695	212.0506507001831
2696	212.14961650749663
2697	212.6372408332919
2698	213.52793309911408
2699	214.27908357662415
2700	214.8728784205056
2701	215.2
2702	215.2
2703	214.60658122618628
2704	213.22105992379628
2705	211.02916522341513
2706	207.66432777475362
2707	203.64923548913814
2708	198.60197931614587
2709	193.1929041516151
2710	187.15598990548708
2711	180.74370546318244
2712	173.61781472684123
2713	166.36381810084714
2714	158.84241674501553
2715	151.56080760095068
2716	144.83079968329358
2717	138.51980800633325
2718	133.27462021871384
2719	128.4949082092133
2720	125.03110495323821
2721	122.0193190815517
2722	120.4357878068092
2723	119.2
2724	119.2
2725	119.298322529566
2726	119.79315156613387
2727	120.35836508486312
2728	121.24905735068529
2729	122.03105547033499
2730	122.22898708496214
2731	122.34615993665876
2732	121.95027711797304
2733	121.40618536295678
2734	119.72376663862603
2735	117.99468553614682
2736	115.8174377752482
2737	113.68377455589061
2738	112.10032163887378
2739	110.6
2740	110.6
2741	110.66567695961953
2742	112.74406175771952
2743	114.86199218170132
2744	120.60200900588862
2745	126.34202583007591
2746	135.41289524469335
2747	144.51774951754217
2748	156.88372921615124
2749	169.35403800474836
2750	183.79438863872275
2751	198.34236231381811
2752	216.10314726840735
2753	234.11581551860723
2754	250.7819882230699
2755	267.3092780444367
2756	281.9083972487516
2757	296.25843930921985
2758	310.86520857044025
2759	325.5121480528492
2760	337.31983769607723
2761	348.60193972982466
2762	356.78966745843246
2763	364.31144101345933
2764	369.6896432282641
2765	374.53896778662926
2766	377.91936266020065
2767	380.88833687960783
2768	382.95438665940907
2769	384.73577119105335
2770	386.3708050868424
2771	387.95425800385954
2772	390.106650831354
2773	392.48194774346825
2774	395.8928893067452
2775	399.7525557919746
2776	406.29142461279775
2777	414.10972339057014
2778	423.959414537338
2779	434.87482014388735
2780	447.12472339370004
2781	460.1239791614968
2782	474.1149335185536
2783	488.7011609446322
2784	504.9202877697856
2785	522.1864748201456
2786	540.2770390950594
2787	558.9315340345299
2788	577.9876364358008
2789	597.3367136336602
2790	617.858705035973
2791	639.2925924088288
2792	659.8573129589174
2793	679.7025203413373
2794	702.0798313073693
2795	726.6891094021352
2796	752.1169676523128
2797	778.3126413971011
2798	804.5083151418924
2799	830.7039888866867
2800	858.4397221533172
2801	887.812086330941
2802	916.2524310379088
2803	943.638817225642
2804	964.6778466881672
2805	978.074026296205
2806	987.2088712478295
2807	990.8804167700325
2808	990.0220579480052
2809	982.9770093272477
2810	969.791485983629
2811	947.6629818903516
2812	918.9292319904752
2813	879.93339948402
2814	841.4591912676709
2815	803.8506574051137
2816	765.348521532057
2817	725.2612026195688
2818	688.390851359396
2819	657.6307799166522
2820	627.817831803526
2821	599.9339320267953
2822	574.3857511411005
2823	553.9451875372081
2824	535.3981245348523
2825	521.3073282063976
2826	508.87175034728966
2827	500.63598928358726
2828	493.5928256015876
2829	489.8220491193251
2830	486.6504688662862
2831	485.26123542545264
2832	484.08286366342526
2833	483.58673347886486
2834	482.93743487968254
2835	481.7466633589681
2836	480.2711252232587
2837	477.69124826354414
2838	474.6791228418328
2839	469.817047033141
2840	464.5410171173404
2841	457.297157032994
2842	449.5507144274653
2843	439.13198055169727
2844	428.3733267179375
2845	415.5725328702569
2846	402.99900773963174
2847	391.9849176423887
2848	381.02613743487774
2849	370.50765566856654
2850	360.0749987596112
2851	350.44959563383804
2852	341.03216908116843
2853	333.98712046040936
2854	327.2580997271147
2855	325.07501860580487
2856	323.1669974201233
2857	326.5406826751339
2858	330.16328636634154
2859	340.87969835284827
2860	351.6959960307645
2861	367.8706425204695
2862	384.0702917245537
2863	409.1744790633092
2864	434.2786664020647
2865	462.71475068221406
2866	491.194036219302
2867	520.7325461401063
2868	550.3019051399052
2869	576.6456836673946
2870	602.8413574121888
2871	623.0653435872025
2872	642.9115355991105
2873	652.660567572932
2874	661.590910895019
2875	662.2195187298437
2876	662.0210568097247
2877	653.4845547010663
2878	643.9583825353504
2879	628.4351797377476
2880	612.0817869073157
2881	594.1619983048308
2882	576.0137208954449
2883	558.4698643797366
2884	541.0187275628275
2885	526.4028817869087
2886	512.24323677519
2887	502.5202034303941
2888	493.54533306741024
2889	489.48741087899475
2890	486.2965049608617
2891	487.06300044872097
2892	488.55873759784583
2893	494.2363282808125
2894	500.718179098523
2895	510.10732412623975
2896	520.0789051204077
2897	529.8854763922825
2898	539.657625766565
2899	546.8900179497406
2900	553.5713103310729
2901	555.3696465074537
2902	556.0676571770454
2903	550.9471080973284
2904	544.4652572796178
2905	530.6005484369547
2906	514.9451662761107
2907	494.4291269880814
2908	472.69108042079995
2909	445.5721180694046
2910	417.0519744714782
2911	390.6539661963405
2912	364.827571421451
2913	338.7661946549683
2914	312.63934982050426
2915	291.08184673680256
2916	270.8395373186459
2917	252.67247345066747
2918	235.12249090093164
2919	219.9370263262851
2920	205.47751296370004
2921	195.1081916537862
2922	186.03405294909533
2923	179.4401675309136
2924	173.65636218587957
2925	169.7379568230545
2926	166.44733509497976
2927	164.3413371890114
2928	162.64616842000282
2929	161.4652572796169
2930	160.4680494615076
2931	159.61670239816513
2932	158.81897591863188
2933	158.165915436777
2934	157.56759074591142
2935	157.112858353692
2936	156.71399511392534
2937	156.6
2938	156.6
2939	157.58913043478287
2940	158.98522138013593
2941	161.71297801266448
2942	165.0035997407392
2943	169.68484244116516
2944	174.97004387714452
2945	181.70329560751895
2946	189.0822655432017
2947	198.44469262601476
2948	208.71542105000555
2949	221.02140007977397
2950	234.28426406062786
2951	248.28663309567625
2952	262.6457097272783
2953	277.47218787395497
2954	292.53002592740563
2955	310.696016353395
2956	330.43974672184333
2957	349.72446527396824
2958	368.77018497282495
2959	388.40094730019314
2960	408.34410928852935
2961	429.6404347609332
2962	451.6776287580397
2963	471.2245512564816
2964	489.37373354607115
2965	507.0791743530931
2966	524.5294410928833
2967	540.2234144395673
2968	554.8823693657741
2969	567.5510195941565
2970	579.0183377374498
2971	588.2675375180746
2972	596.1450865034657
2973	602.2524531312328
2974	607.2384922217793
2975	610.1678017649699
2976	611.7632547240364
2977	611.9206222576786
2978	611.122856003191
2979	608.118736863177
2980	603.6146832148936
2981	597.8553926229918
2982	591.249116660827
2983	583.3840056050432
2984	574.6761685516951
2985	565.0058755818019
2986	554.6960812772138
2987	544.0846504178973
2988	533.2743806616277
2989	522.4035934137426
2990	511.4932285671397
2991	501.6148941494426
2992	492.4061458385463
2993	484.17199479531524
2994	476.5651486337698
2995	469.935318552625
2996	463.9296131324766
2997	458.65927334601224
2998	453.8549494545099
2999	449.2348230819283
3000	444.730544016816
3001	439.97971072518914
3002	435.0750512987346
3003	429.6759383445113
3004	423.9708037233522
3005	417.5833942245143
3006	410.7769280816779
3007	404.0326610279762
3008	397.3262899754756
3009	391.368761885696
3010	385.8638074266829
3011	380.984375156398
3012	376.4800960912867
3013	373.1055750175159
3014	370.4031428285458
3015	369.2741204143937
3016	369.073930233722
3017	370.07320954907175
3018	371.77482608478044
3019	375.24940693658965
3020	379.75368600170196
3021	385.21062008908484
3022	391.21632550923323
3023	398.24099689720646
3024	405.8478430587519
3025	413.8382163054897
3026	422.0460137130277
3027	429.22846561905766
3028	435.8344109698734
3029	440.89854361643563
3030	445.10253741053947
3031	447.8243831640056
3032	449.72618988038636
3033	450.4646281653488
3034	450.5647182464218
3035	450.5351884290076
3036	450.4350933386717
3037	449.8800120108099
3038	449.0792913622262
3039	448.8
3040	448.8
3041	449.2576047244883
3042	449.9582703568391
3043	452.1012110899816
3044	455.00382344109755
3045	458.89266803463346
3046	463.29685200940895
3047	468.4262949802314
3048	473.93152494870196
3049	479.8332899609658
3050	485.93878490641674
3051	492.3096942094995
3052	498.81587508132696
3053	505.9202482234004
3054	513.3269142227998
3055	520.4671337770881
3056	527.4737901005961
3057	534.2129923427258
3058	540.8192683048891
3059	547.0232220609576
3060	553.0289274811073
3061	558.6311696111305
3062	564.036304489264
3063	569.1041036933232
3064	574.0085176658985
3065	578.5750262749608
3066	582.9792102497372
3067	587.179841857672
3068	591.2835351816636
3069	595.3193834142434
3070	599.3231870276757
3071	603.3951654071362
3072	607.4990641109051
3073	611.6028225402862
3074	615.7065158642778
3075	619.6047144787551
3076	623.4083279115166
3077	626.7995295530758
3078	630.0025724438216
3079	632.5852066860173
3080	634.8872785506956
3081	636.3601621540464
3082	637.4612081477404
3083	637.8
3084	637.8
3085	636.8968119713727
3086	635.5955757970072
3087	633.2493468795357
3088	630.4466843501324
3089	626.8756018217305
3090	622.9718932986341
3091	618.437765877584
3092	613.6332015414642
3093	608.1264738264434
3094	602.3212491242114
3095	596.022901756669
3096	589.5167208848416
3097	582.5871484335914
3098	575.4807526774109
3099	568.4448926480163
3100	561.4382363245082
3101	554.9993994294583
3102	548.7935038286383
3103	544.0822740466429
3104	539.9785807226513
3105	537.6584355137383
3106	536.056914068365
3107	536.0292062856571
3108	536.6297467720948
3109	539.453570892348
3110	543.1570892347737
3111	547.9392322706577
3112	553.1441769681197
3113	558.1326493844458
3114	563.0370633570211
3115	566.423802612482
3116	569.2264651418851
3117	569.9275311545969
3118	569.8274360642611
3119	565.8766089480537
3120	560.4717445701135
3121	551.7160802762626
3122	541.7065712426796
3123	528.8494244820322
3124	514.9369032128899
3125	500.21856763925683
3126	485.20430408888586
3127	470.04324107902585
3128	454.8287873479798
3129	437.8481757669789
3130	420.231439867877
3131	405.4921275211464
3132	391.7791001451378
3133	381.1731758582721
3134	371.66461815634034
3135	363.86116810970464
3136	356.65432160552655
3137	351.30616554899507
3138	346.60193173856567
3139	344.0586256944099
3140	342.256914068365
3141	342.3976878034133
3142	343.1984485260999
3143	346.62058852967755
3144	350.9244620158151
3145	356.6550422901763
3146	362.8609378909963
3147	370.271177618738
3148	378.0785946649327
3149	386.4893804423995
3150	395.09712741467456
3151	405.97445573294704
3152	417.5854862119006
3153	428.8169352417166
3154	439.9269342408158
3155	448.9850257744857
3156	457.39301336269534
3157	464.2007507131777
3158	470.50674140433347
3159	475.8958262436186
3160	481.00042037833987
3161	485.875491717131
3162	490.68005605325084
3163	496.0217495746176
3164	501.5267040336307
3165	508.724618387468
3166	516.4319403433251
3167	525.4505280016007
3168	534.8594664931686
3169	545.7375506731388
3170	557.048295881085
3171	569.3667183824616
3172	581.9786997647761
3173	594.9786908217394
3174	608.090491442298
3175	620.7354987237885
3176	633.2473850157672
3177	644.9000100090104
3178	656.3102792513284
3179	666.3124167959571
3180	675.9215454681946
3181	683.4126720384368
3182	690.3192332716089
3183	694.7879691722557
3184	698.5913922530283
3185	699.5576297482609
3186	699.7578199289325
3187	697.5088534107402
3188	694.6060957910012
3189	688.1398458612742
3190	680.7331798618749
3191	670.7862068965516
3192	660.176127320956
3193	648.2139225302789
3194	635.902842558304
3195	623.272288674241
3196	610.5602122015907
3197	598.9672388769333
3198	587.6564936689872
3199	578.6694059356396
3200	570.26141834743
3201	565.2267153796109
3202	561.022721585507
3203	560.2
3204	560.2
3205	563.6695260497468
3206	567.9736149341874
3207	575.2698228405565
3208	583.2770293263936
3209	592.9867574195493
3210	603.0963615434681
3211	613.5309544066874
3212	624.0409388919471
3213	634.143328996096
3214	644.1523371033926
3215	653.1007256894053
3216	661.8089985486224
3217	668.7172355119618
3218	675.2230907817045
3219	679.1875882087986
3220	682.590821280216
3221	683.2
3222	683.2
3223	680.3172555299766
3224	676.8141026924228
3225	669.513577899004
3226	661.4058755818036
3227	650.4850608077679
3228	638.9741254191475
3229	625.2247022320078
3230	611.0119107196466
3231	594.6376958110209
3232	577.8217206346054
3233	559.7570213191904
3234	541.4405364828376
3235	522.6224112907278
3236	503.70443921725604
3237	487.12921275211556
3238	471.0139032080507
3239	454.0599969971494
3240	436.9437365497226
3241	419.8274761022958
3242	402.711215654869
3243	391.99759783805234
3244	382.4890401361206
3245	376.01920824783485
3246	370.11359791802226
3247	368.1847262536283
3248	366.98364528075274
3249	369.4285070817278
3250	372.53145488213846
3251	379.9684199989995
3252	388.1762174065356
3253	401.32333099789685
3254	415.33594234811204
3255	432.67784395175414
3256	450.5948651218676
3257	465.68902457334485
3258	480.30290776237257
3259	493.6302572315067
3260	506.7420578520652
3261	518.8234823081923
3262	530.734798058156
3263	540.3209688719854
3264	549.5292563306983
3265	557.8751213652968
3266	566.082918772833
3267	574.6366047745352
3268	583.2447825434164
3269	593.0662329212745
3270	603.0757419548551
3271	614.0406285971659
3272	625.151183624443
3273	636.957561805625
3274	648.8682814533079
3275	660.7795205445183
3276	672.690836294482
3277	682.3290061054968
3278	691.6373836452826
3279	697.8257632241822
3280	703.5688362720408
3281	704.5587124074355
3282	704.9617147750744
3283	700.6231738035258
3284	695.7869017632238
3285	685.7601833660759
3286	675.2821218074636
3287	660.2828572867859
3288	644.9687673165099
3289	626.2088261964731
3290	607.2667607052861
3291	584.3402448239375
3292	561.2683592766138
3293	535.6288664987399
3294	509.93617128462984
3295	486.5497456047548
3296	463.1485138539078
3297	436.9520403022662
3298	410.9117424814833
3299	391.06387587527036
3300	371.35131731399144
3301	354.9289708327048
3302	338.6436070528969
3303	324.7393249370288
3304	311.2406327137183
3305	303.1805853609396
3306	295.59615113350134
3307	293.17801511335034
3308	291.0900408039896
3309	291.99679613117723
3310	293.3292630094201
3311	297.9637902372679
3312	303.13165743073137
3313	311.8974005037786
3314	320.7647070676539
3315	330.2352627071689
3316	339.5456926952149
3317	348.0091687657433
3318	356.05188916876557
3319	362.097229219143
3320	367.7045488892242
3321	371.43232078988433
3322	374.6876171284634
3323	376.09819647355147
3324	377.2
3325	377.2
3326	376.8231121857841
3327	375.2111027152284
3328	373.44872544080584
3329	371.2321007556675
3330	368.93580172283515
3331	366.41703692509185
3332	363.8982367758185
3333	361.3793450881612
3334	358.8013299078133
3335	356.0810639262504
3336	353.1743085990626
3337	349.8495390660414
3338	346.2640403022662
3339	342.13305793450826
3340	337.8657699863981
3341	333.3319933504601
3342	328.69134508816023
3343	323.8550730478583
3344	318.9817842929822
3345	314.0450052894052
3346	309.22395969773214
3347	304.58919899244273
3348	300.3557201148553
3349	296.7286988061049
3350	293.18491763639065
3351	289.75939751146046
3352	286.24755667506315
3353	282.62035264483586
3354	278.8593320235751
3355	274.9300589390964
3356	270.8161511335015
3357	266.4836574307299
3358	262.10362198377857
3359	257.6705959397513
3360	253.23756989572354
3361	248.80454385169526
3362	244.6246549118389
3363	240.69518387909358
3364	237.4960354642086
3365	234.97727066646524
3366	233.31703778337535
3367	232.41023677581873
3368	232.0
3369	232.0
3370	232.9069165281348
3371	234.51892599869015
3372	236.36372795969766
3373	238.37884130982394
3374	240.2148103370109
3375	241.92757039947597
3376	243.21195909525957
3377	244.21946501435693
3378	244.7257108226857
3379	244.92772082218065
3380	245.0
3381	245.0
3382	245.06687203312796
3383	245.16787193212807
3384	246.0953790212615
3385	247.4084440179787
3386	249.71390333821498
3387	252.44103833139746
3388	256.33449825766365
3389	260.6777132468051
3390	266.1445078531383
3391	272.0027978384932
3392	278.6299767700238
3393	285.4979699020308
3394	292.7608100600981
3395	300.13417504166387
3396	308.72105847894056
3397	317.6090495909496
3398	325.4193828594516
3399	332.99475784051407
3400	339.2111711529724
3401	345.1704661380735
3402	349.6515099484898
3403	353.89350570649407
3404	357.15729508610696
3405	360.2884500782795
3406	362.9648300590882
3407	365.5909600525226
3408	368.0311600424223
3409	370.4552800363623
3410	372.97437503156436
3411	375.4995000252512
3412	378.12148267851734
3413	380.74748005252
3414	383.27462249381324
3415	385.79974748750016
3416	387.7188061811935
3417	389.6198979849501
3418	390.6299479824251
3419	391.6
3420	391.6
3421	391.50985759014264
3422	389.99485910514113
3423	388.3516994091211
3424	385.2205444169486
3425	381.94911368112673
3426	377.4038886924903
3427	372.77445583556437
3428	367.52219584869437
3429	362.22781677692984
3430	356.6725417908187
3431	351.14940915059134
3432	345.7964145035859
3433	340.6238674814405
3434	336.28065249229803
3435	332.2985355014641
3436	329.7735380264615
3437	327.75588101611027
3438	327.5538710166153
3439	327.7610423715974
3440	329.2761173678099
3441	331.59959600040474
3442	336.2455913544084
3443	341.48131912529556
3444	348.248654108378
3445	355.28679359628296
3446	362.96317357709114
3447	370.8000505024986
3448	378.98145548204604
3449	386.9582041311045
3450	394.5335791121652
3451	402.253287546711
3452	410.23227956771916
3453	416.80101004999705
3454	421.04322003939205
3455	423.6
3456	423.6
3457	421.5352792647214
3458	416.58628421371634
3459	410.00403009949036
3460	401.31760012120543
3461	392.86210483789404
3462	384.6811130188857
3463	376.3554769961103
3464	367.87105701732236
3465	360.0387051159032
3466	352.86735013383077
3467	347.00022221099886
3468	342.353992222615
3469	339.8207464269481
3470	339.11371142871565
3471	340.5417735582271
3472	343.67277042723026
3473	349.4223625069453
3474	357.0987424877535
3475	366.7014898237456
3476	377.61002979647304
3477	390.94148828755823
3478	405.78397617124295
3479	423.8968699515352
3480	443.8887924071106
3481	462.229109450728
3482	479.6967992730196
3483	497.2998939875791
3484	514.9686304205135
3485	531.9386712439405
3486	548.5986066235866
3487	563.9648828756074
3488	578.8073707592921
3489	591.0665589660757
3490	602.3751211631662
3491	611.2597738287562
3492	619.3373182552514
3493	625.8611470113087
3494	631.9193053311787
3495	637.1015953150239
3496	642.0490912762522
3497	647.4859652665597
3498	653.039277059775
3499	660.3461227786762
3500	668.0197899838447
3501	677.4022617124398
3502	687.0953150242339
3503	698.8854604200325
3504	711.0017770597724
3505	724.457855411954
3506	738.0887116316644
3507	750.533239095314
3508	762.8514943457162
3509	772.2807148626804
3510	781.4689216478187
3511	786.2809975767369
3512	790.8246163166403
3513	791.0
3514	791.0
3515	785.1583804523427
3516	779.2011914378027
3517	769.1050888529896
3518	758.9544426494375
3519	746.0303715670453
3520	733.0561591276257
3521	718.8194870759281
3522	704.6175888529868
3523	690.9867326332795
3524	677.3868134087253
3525	664.1598344103396
3526	651.1650040387718
3527	640.3612883683371
3528	629.5807956381282
3529	618.9790185783534
3530	608.2146405492732
3531	596.4012318255242
3532	584.3400040387705
3533	570.9110864297255
3534	557.3776050080791
3535	543.3428715670439
3536	529.1338449111465
3537	514.190387722134
3538	499.39606219709486
3539	485.15939014539725
3540	470.8297455573507
3541	456.1891962843284
3542	441.42292897167727
3543	426.27829774344787
3544	412.1365407915983
3545	400.7270092891766
3546	390.6827746365113
3547	384.0188004846528
3548	378.34642568659103
3549	374.91346930533064
3550	372.6
3551	372.6
3552	373.33215872374797
3553	375.4525141357029
3554	378.4561490306951
3555	382.9997677705975
3556	387.89206381260044
3557	393.3444063004846
3558	399.40695678513725
3559	406.37383885298766
3560	413.2981017770585
3561	420.1640145395793
3562	426.7180230210016
3563	432.8771506462041
3564	438.5713146203558
3565	443.7207491922452
3566	448.38583400646166
3567	452.52557552504044
3568	456.2623283521809
3569	459.5943154281093
3570	462.5601171243937
3571	465.1853190630046
3572	467.5392669628433
3573	469.6596223747983
3574	471.49903069466893
3575	473.1145395799676
3576	474.66928729615455
3577	476.17925307026394
3578	477.68926360295984
3579	479.19930538078205
3580	480.6486812965572
3581	482.0579826857259
3582	483.2814717873863
3583	484.38883575778954
3584	485.1797261928731
3585	485.78371250251666
3586	486.0
3587	486.0
3588	485.27456586298894
3589	484.1672018925857
3590	482.3197503523254
3591	480.10513388363216
3592	477.6845925403938
3593	475.16785624402286
3594	472.93101469700036
3595	470.81706261324774
3596	469.7010368431649
3597	468.99638614858054
3598	469.1630643781145
3599	469.66641163738853
3600	472.31423394403026
3601	475.7368230320115
3602	480.5898726531441
3603	485.92535360145047
3604	492.2568883072433
3605	498.9010721296611
3606	506.24658747734986
3607	513.7964163478966
3608	520.5536719182574
3609	527.0971862888218
3610	532.0279947654526
3611	536.5578920877796
3612	538.7932350128355
3613	540.5046156943677
3614	540.4668411516005
3615	540.0641836118381
3616	537.0383531306626
3617	533.5150996577415
3618	528.616469522324
3619	523.4823274777272
3620	517.9119790618086
3621	512.2747735051349
3622	506.9031761212069
3623	501.56769517290047
3624	497.6717133078316
3625	493.94713106502854
3626	491.4092208576602
3627	488.9932756190858
3628	487.9664569386419
3629	487.0604318719483
3630	487.0
3631	487.0
3632	488.04811999798665
3633	489.1554839683899
3634	491.42220656331796
3635	493.7374874169518
3636	496.4445540567744
3637	499.16249245017065
3638	502.5755272562536
3639	505.99828861931815
3640	509.7227199516813
3641	513.4460260733888
3642	517.0701263401622
3643	520.6942218643038
3644	524.3181397221663
3645	527.9420575800287
3646	531.5659754378904
3647	535.2004530125334
3648	539.0258921830174
3649	542.8910006039868
3650	547.3202335413732
3651	551.8527407258266
3652	557.5908994815524
3653	563.4218754718884
3654	570.1667287461626
3655	577.0177471310659
3656	584.7689047714922
3657	592.5559571148135
3658	600.6095132632006
3659	608.5965774109125
3660	616.1464062814575
3661	623.5939698998335
3662	630.4394926259625
3663	637.0456311656936
3664	642.3808435675454
3665	647.4222266961945
3666	651.046144554057
3667	654.1675240348318
3668	655.073549101525
3669	655.4608214213813
3670	653.7495268773907
3671	651.4636130266264
3672	647.0341571450135
3673	642.2654620495257
3674	636.3262633380302
3675	630.1555299539165
3676	623.2430875576031
3677	616.1129032258058
3678	608.2988379082341
3679	600.0673512322171
3680	590.5502203967131
3681	580.8088559406922
3682	570.39010218393
3683	559.9460729312752
3684	549.4271388499287
3685	538.9851132037656
3686	528.766720096172
3687	518.5483269885783
3688	508.3299338809846
3689	498.45418753756655
3690	489.5381386495681
3691	480.862445524219
3692	472.84761809347316
3693	465.23923061510794
3694	458.7275095171316
3695	452.65497896213236
3696	447.746143057504
3697	443.3935083149672
3698	440.4882789020239
3699	438.2309757563615
3700	437.62989380885597
3701	437.45678220797424
3702	438.35840512923255
3703	440.15568022440357
3704	444.16289320777366
3705	448.63814866760123
3706	454.24824684431934
3707	460.3025445802439
3708	467.41534762572576
3709	474.8278902023637
3710	482.9424964936881
3711	491.29977960328534
3712	500.21582849128373
3713	509.22396313364
3714	518.4405529953912
3715	527.2844720496889
3716	535.2988980164291
3717	542.8107599058256
3718	549.2226218504238
3719	554.9350631136052
3720	559.1426367461438
3721	562.3857743939093
3722	563.5879382889202
3723	564.2049489080343
3724	563.6038669605289
3725	561.9509717491478
3726	558.1441194149462
3727	553.9385093167693
3728	548.9294930875567
3729	543.7861150070116
3730	538.376377479462
3731	532.8308355039059
3732	527.0203766780193
3733	521.1412943297925
3734	515.1304748547373
3735	509.08498296934357
3736	502.9739831697042
3737	496.9680825485862
3738	491.1576237226996
3739	485.24098377078604
3740	479.1299839711467
3741	473.05473852935194
3742	467.0439190542982
3743	461.28590462833216
3744	455.97634742536684
3745	451.2504007212992
3746	447.5437287116818
3747	444.90529479537156
3748	444.1038120522968
3749	444.4557603686636
3750	446.7599078341014
3751	450.75459827689843
3752	457.5668603486276
3753	465.55489881787224
3754	475.4727509517132
3755	486.1563814866762
3756	498.0778401122021
3757	510.38579442997417
3758	523.3090563013427
3759	535.6861751152077
3760	547.2069124423966
3761	557.979603285915
3762	567.5969144460031
3763	575.7838910038071
3764	581.7947104788622
3765	586.7631336405532
3766	590.1692646764177
3767	593.0495091164097
3768	595.1532959326789
3769	597.2978962131838
3770	599.5018633540374
3771	601.9528751753157
3772	604.7579242636748
3773	607.9783209777602
3774	611.7851733119618
3775	615.9166284746442
3776	620.4996712164995
3777	625.1237383550045
3778	629.8066457430377
3779	634.4492577463382
3780	639.0323004881933
3781	643.4970358192596
3782	647.7813978976739
3783	652.6079904353901
3784	658.2869781807324
3785	664.0799641327097
3786	670.0578459699109
3787	676.3339510785621
3788	683.109221342101
3789	689.9209026601577
3790	696.7954667729406
3791	703.240460296902
3792	708.9194480422443
3793	713.5115672013553
3794	716.1019826641431
3795	717.1821859121249
3796	715.3888213609641
3797	710.8412594031769
3798	700.8776266626808
3799	688.0554747434496
3800	669.4244096841685
3801	649.9899765854634
3802	628.8670751756116
3803	605.6097240211271
3804	577.7129421141823
3805	549.5402510710416
3806	520.7467868885163
3807	492.7308324615177
3808	466.52647835400694
3809	440.52685065258225
3810	415.02122148051836
3811	392.2756999103292
3812	376.43431304174266
3813	362.06195078210476
3814	351.50102620304943
3815	342.6398525455823
3816	338.35570389558717
3817	335.56741892093834
3818	336.96232750460814
3819	340.01573179236874
3820	347.8866095446853
3821	357.0213421013311
3822	369.97406466397604
3823	384.24943708279164
3824	402.68123941416593
3825	422.2554149646292
3826	445.5691541297188
3827	468.63480296916237
3828	490.8537039804737
3829	513.0723622596428
3830	535.2901564212402
3831	557.3390554946652
3832	578.7597987446406
3833	598.8561920892671
3834	613.8008966822732
3835	627.901195576366
3836	638.5617515193771
3837	649.0144970856368
3838	658.5795845165152
3839	667.6720932549576
3840	674.6462887316939
3841	681.2892542220902
3842	686.3707069197433
3843	691.2683271893991
3844	695.2535817475341
3845	699.015243598685
3846	701.6056590614726
3847	703.8761719723011
3848	704.3743536093259
3849	704.4953671415765
3850	702.4031084985556
3851	699.5673209126243
3852	692.0949686161212
3853	683.9189000697431
3854	671.0664541197577
3855	658.0295905150948
3856	643.6826741058089
3857	629.1738653913217
3858	613.4313256613342
3859	597.3423134402672
3860	578.4123542891302
3861	559.7346286055925
3862	543.2946345837702
3863	527.1450433396426
3864	513.7944405698904
3865	500.78033276875476
3866	491.3153531931842
3867	482.08707218651847
3868	475.61071090519596
3869	469.299133207134
3870	465.11461592109225
3871	461.0264919796753
3872	458.33644515293423
3873	455.6862209823653
3874	453.6935937032978
3875	451.6915923061669
3876	449.51035098155876
3877	447.3162246567199
3878	444.73852178654687
3879	442.1593099345632
3880	439.48233194527086
3881	436.8053539559785
3882	434.7221732018043
3883	432.6401824220492
3884	432.01659726353364
3885	431.42171326591324
3886	432.7373320775292
3887	434.12532593069926
3888	439.8285133594401
3889	445.7770584444548
3890	455.1335018837992
3891	464.7507931786645
3892	477.7120111039524
3893	490.99709512715185
3894	507.9185405512597
3895	525.2693238151879
3896	545.4032123735872
3897	565.9267102914954
3898	586.7903831854487
3899	607.7094334010837
3900	625.0366448542543
3901	641.6933967876254
3902	657.7765726466057
3903	673.7385019580618
3904	685.1331978386947
3905	695.444009319387
3906	700.3445468966887
3907	703.8147035494751
3908	703.2192832003169
3909	701.4347196748125
3910	695.2253817172309
3911	687.5910370811024
3912	677.4652456253409
3913	666.4604372180637
3914	655.3120860598858
3915	644.108437438035
3916	633.9531651216994
3917	624.2372081495088
3918	614.9983046646526
3919	605.9763446190469
3920	597.2862780091224
3921	588.7596073765615
3922	581.3336241510926
3923	574.4927973033258
3924	569.1011699385286
3925	564.540392623439
3926	561.0833292023997
3927	558.3073414960595
3928	556.4848659098798
3929	555.2951568928768
3930	554.5684711481262
3931	554.1718818163791
3932	553.7191295295692
3933	553.2234174391513
3934	552.2919988102319
3935	551.0030834820544
3936	548.9755800118978
3937	546.2986020226055
3938	542.6007237396514
3939	537.9410300897232
3940	532.047828673408
3941	524.9092207019634
3942	516.7229663411498
3943	507.4035790412934
3944	497.8087146185501
3945	487.89447281019227
3946	477.8916121356334
3947	467.7785841760844
3948	457.8782332821079
3949	448.2614187280008
3950	439.1337596668636
3951	430.70623636724133
3952	423.1775343280624
3953	417.0307044068805
3954	411.5188578227247
3955	407.0572278405718
3956	402.91654191245806
3957	399.34741486144924
3958	395.6425420116005
3959	391.6768452882573
3960	387.09884989093877
3961	381.2491572476702
3962	374.606136915679
3963	366.17903137857485
3964	357.2045607773147
3965	346.89323815189454
3966	336.4193337299241
3967	325.51312710688103
3968	314.96252416596377
3969	305.4448520299403
3970	296.8977989292085
3971	291.4446956176882
3972	287.00227036137426
3973	286.109988598622
3974	286.2101918405785
3975	290.1758885639216
3976	295.4139314296997
3977	306.18361821954346
3978	317.87030285065055
3979	334.27265451311706
3980	351.25046932121296
3981	371.8017982412818
3982	393.19045501704824
3983	421.05469097376846
3984	448.8562790238133
3985	476.02750716332736
3986	503.2707771355228
3987	531.5302504817001
3988	559.752284966161
3989	587.12247418606
3990	614.4019365675335
3991	636.7317458749161
3992	659.0615551822985
3993	682.1780346820843
3994	705.2994219653203
3995	722.5752494812759
3996	739.6684220926755
3997	751.7169350854646
3998	763.474666534927
3999	770.5902475174147
4000	777.3092831381841
4001	780.0388894378025
4002	782.3113921549256
4003	782.427478879502
4004	782.2298601847735
4005	780.0192471099693
4006	777.4503309949607
4007	774.7999308368738
4008	772.1322102559039
4009	770.5717405266539
4010	769.2872190109182
4011	769.0
4012	769.0
4013	771.0067585593594
4014	773.6746109381943
4015	777.0617626716722
4016	780.7175279122614
4017	784.1647645867297
4018	787.5242823971145
4019	789.8090706980878
4020	791.5876389506444
4021	792.0056417350065
4022	791.7092283371209
4023	788.9168815769975
4024	784.6680796403344
4025	778.5589763857332
4026	771.247445904555
4027	762.5529690742014
4028	752.8701314099382
4029	742.4137443802165
4030	731.3470974754198
4031	720.4392945361127
4032	709.6696077462714
4033	699.3033446964092
4034	689.3236006126172
4035	680.2575832427617
4036	672.1556170338902
4037	665.0587688963545
4038	659.1305009386424
4039	653.938174991354
4040	649.689373054691
4041	645.8088924019366
4042	642.449540559233
4043	638.6663405958199
4044	634.2199199644283
4045	628.9784408655272
4046	622.3585416460835
4047	614.7935974706078
4048	605.4071732042303
4049	594.4524974062551
4050	580.1251420384348
4051	565.1894279221373
4052	548.7878865724668
4053	532.173410404618
4054	514.9805839632413
4055	497.8119658119669
4056	480.71794871794674
4057	463.31855547870254
4058	444.84212034383296
4059	426.38494145545496
4060	408.00640284570744
4061	390.24195237624906
4062	375.42128248196866
4063	360.70314707771263
4064	346.5734104046208
4065	332.5542930540413
4066	319.3144946151567
4067	306.28239304416934
4068	295.1174883904781
4069	284.1175337186913
4070	275.125883108542
4071	266.27244343444204
4072	259.9489576128824
4073	253.72364013635598
4074	250.9569784101574
4075	248.20345815630847
4076	249.19150281592715
4077	250.17954747554586
4078	255.9003453038685
4079	261.72118192581144
4080	271.2058408563989
4081	280.87482610626205
4082	293.372395422257
4083	306.09930939226206
4084	321.12986039169294
4085	336.42264318485076
4086	351.7147691397032
4087	367.0067975532752
4088	380.88411602210135
4089	394.49895422257805
4090	407.22841497706474
4091	419.75863055596903
4092	428.55102604577735
4093	436.3450276243076
4094	440.15471363030923
4095	442.71995461496795
4096	442.74746448303057
4097	441.8595402525651
4098	438.5975728873767
4099	434.35505895121224
4100	429.7096443194716
4101	424.87515169453786
4102	420.68554656669215
4103	416.8378749013418
4104	414.3495239504714
4105	412.67225099896456
4106	412.0
4107	412.0
4108	413.24151539068663
4109	415.41199684293554
4110	417.582536628681
4111	419.7531251541615
4112	420.8
4113	420.8
4114	419.25138375018554
4115	416.0941640767608
4116	410.5139502762452
4117	402.12799921073423
4118	392.83831886345695
4119	382.3805445935303
4120	370.8733757584755
4121	357.84984460559275
4122	344.82655880031274
4123	331.8036700868191
4124	319.09551576143474
4125	306.9599526417085
4126	295.8911602209972
4127	287.0119179163385
4128	279.02178374112066
4129	273.1022888713509
4130	268.01831187410664
4131	265.1570815450642
4132	262.9514404104183
4133	262.7541239147593
4134	262.7943762024566
4135	263.6823442356073
4136	264.7784530386733
4137	266.75161799526416
4138	268.6760655090766
4139	270.35325572217806
4140	271.92200680775466
4141	272.80997484090574
4142	273.6326460142069
4143	273.92862075769534
4144	274.2245967145182
4145	274.5205860589018
4146	274.84972375690575
4147	275.7376479873716
4148	276.6653512233624
4149	278.9344909234408
4150	281.20678802229617
4151	285.4493019584625
4152	289.69181589462886
4153	296.0492600631416
4154	302.4620461720589
4155	311.1182576093901
4156	319.89927482610256
4157	329.8601026045755
4158	339.92324388318866
4159	350.6916777662662
4160	361.54462039366365
4161	372.2266982388641
4162	382.8823146366773
4163	392.7099447513838
4164	402.3784530386744
4165	411.88719846085445
4166	421.35885748112855
4167	428.8952150749798
4168	435.8999506708772
4169	441.48512233622756
4170	446.61535122336136
4171	450.73728972423663
4172	454.48648808643014
4173	458.2355564325188
4174	461.98456985003963
4175	466.3337970499724
4176	470.97096344531496
4177	476.56797553275385
4178	482.6847868981854
4179	489.90698248211373
4180	497.80236861584206
4181	506.5198618307452
4182	515.7969405378759
4183	524.961806069581
4184	534.0415001233687
4185	542.3188255613156
4186	549.918134715029
4187	556.3981741919578
4188	561.8262521588936
4189	565.1791265729084
4190	566.3634344929677
4191	566.2240315815451
4192	564.5462620281279
4193	561.3194177152742
4194	556.0887244016792
4195	550.8176165803121
4196	545.4882309400456
4197	540.4612385887006
4198	535.9213915618068
4199	531.8741179373308
4200	528.7159634838395
4201	526.1114729829757
4202	524.6310880829017
4203	523.4801875154207
4204	523.0854182087343
4205	522.6086355785836
4206	521.9177892918825
4207	520.8561065877126
4208	518.6848754009372
4209	515.8946459412772
4210	510.96002960769704
4211	505.34320256599864
4212	496.9543547989123
4213	488.025462620278
4214	476.47846039970034
4215	464.5036269430003
4216	449.9958549222745
4217	435.25516901060286
4218	418.773550456445
4219	402.58090303478355
4220	389.257438934123
4221	376.0558598569007
4222	364.60754996299465
4223	353.27702936097006
4224	344.8881815938837
4225	336.53367875647825
4226	331.0069084628684
4227	325.48013816925857
4228	322.87120651369406
4229	320.30520602023233
4230	320.2
4231	320.2
4232	321.76452010856144
4233	323.4422896619787
4234	327.17643343530995
4235	331.12393170827914
4236	336.2866617320494
4237	341.616047372316
4238	348.12387860843745
4239	354.8349568221065
4240	362.68786577843525
4241	370.7806365655068
4242	379.6628472736245
4243	388.7425413274121
4244	399.11982235381265
4245	409.8772859610175
4246	421.3718825561326
4247	433.11626943005353
4248	443.86528497409506
4249	454.22797927461346
4250	462.74164322724084
4251	470.439644707626
4252	476.02989390575016
4253	480.5697409326439
4254	482.95902294596635
4255	484.1433308660256
4256	483.8117246484081
4257	482.5287244016772
4258	479.4470663705888
4259	475.10460399704016
4260	469.9864594127829
4261	464.26230446582986
4262	458.1686158401206
4263	451.75361460646633
4264	445.1880878361726
4265	438.4770096225035
4266	431.86105107328046
4267	425.3473575129546
4268	418.7887194670625
4269	412.176333580065
4270	405.7755933876147
4271	399.6566691339753
4272	393.855455218357
4273	388.52606957809036
4274	383.19668393782376
4275	377.8672982975571
4276	372.60687885516865
4277	367.47487786824524
4278	362.5022156427332
4279	357.8636762891678
4280	353.398813877631
4281	349.34622911930353
4282	345.5095626389915
4283	342.2478873239437
4284	339.10947909459355
4285	336.34186023524796
4286	333.73070422535244
4287	331.65509266123115
4288	329.79974300682056
4289	328.8113076999114
4290	328.0
4291	328.0
4292	328.16938967136196
4293	329.2566147763779
4294	330.59230997331287
4295	333.5576158940403
4296	336.6735952557457
4297	341.0224956758094
4298	345.5064492216452
4299	351.43676797627757
4300	357.4588810912303
4301	364.8721458930489
4302	372.3386706202096
4303	381.13531010625155
4304	389.9764357022871
4305	401.73881585450596
4306	413.5011960067248
4307	428.79130219916254
4308	444.1112923152961
4309	461.25013343876697
4310	478.44890777898604
4311	497.88874172185416
4312	517.4597607986552
4313	539.8527501853193
4314	562.4868000988329
4315	586.3642384105892
4316	610.3832163684814
4317	630.1663553249317
4318	649.3410526315851
4319	670.1977860143372
4320	691.3492562391926
4321	703.0147474547801
4322	712.7014134624898
4323	713.8848035581913
4324	712.9952557449964
4325	701.2278936443635
4326	686.4013640407262
4327	664.0174845564685
4328	639.2089844329232
4329	611.3540970643505
4330	582.3929425718995
4331	550.2026490066082
4332	516.6946921023882
4333	484.00246108227276
4334	451.6822238695264
4335	421.13112582781014
4336	391.4780666205358
4337	366.75919940696707
4338	344.8170200148273
4339	326.2865925376853
4340	309.8793773165358
4341	296.6949194425265
4342	285.723287535835
4343	277.34124042500747
4344	270.91672844081955
4345	266.7047543738256
4346	264.3325096372436
4347	263.5099184581172
4348	264.10295033358045
4349	266.32397944054554
4350	270.1788771374912
4351	274.92715231788054
4352	280.66007709795355
4353	287.1528539658997
4354	294.56575240919017
4355	302.6993377483414
4356	311.79294257190554
4357	321.3271262663679
4358	331.507506795158
4359	342.17859154929886
4360	353.6438744749214
4361	365.4281901749539
4362	377.78363151131816
4363	390.4368668149246
4364	403.6812453669369
4365	417.01819709399734
4366	430.55976079865263
4367	443.3038201136629
4368	454.0772325179165
4369	463.9092418701226
4370	471.1248196105594
4371	477.2437086092726
4372	479.9124839379273
4373	481.63404002965103
4374	479.9537830491719
4375	477.06357615893955
4376	469.1560937036664
4377	460.23518655794345
4378	446.39777613046795
4379	431.83192488263256
4380	413.0525821596301
4381	394.2936283974522
4382	375.67884548740096
4383	357.02287241942184
4384	338.01203029852695
4385	319.0511510470811
4386	300.63439774246416
4387	282.31935244319374
4388	265.4868359819847
4389	248.72011485717758
4390	233.37282043665658
4391	218.1004208129086
4392	205.82258527649734
4393	193.56034457151338
4394	184.7480271300569
4395	175.93570968860044
4396	169.36598019801977
4397	162.8313267326717
4398	158.20655477993898
4399	153.65187385514128
4400	150.8744393286799
4401	148.20103965542907
4402	147.45058666270603
4403	146.8564978464278
4404	147.78558344472538
4405	148.8747462745683
4406	152.76782178217832
4407	157.02524752475168
4408	163.7666419129637
4409	170.89570770829928
4410	180.11670874795618
4411	189.72114461112093
4412	201.94020496064323
4413	214.71311451061948
4414	228.9212832318416
4415	243.47645923065176
4416	257.8761027773655
4417	272.2332491707561
4418	285.9082330808502
4419	299.37424624981736
4420	312.24965592356193
4421	324.9235506708252
4422	336.37590969849856
4423	347.36655279964094
4424	358.0776573097674
4425	368.67224120006256
4426	378.4515346534677
4427	387.8574752475251
4428	397.52746175553136
4429	407.3299272241178
4430	417.7080647556804
4431	428.40166344868857
4432	439.21924847765104
4433	450.1108767760804
4434	461.18257339472365
4435	472.371246101292
4436	484.0243378385053
4437	496.0051289667776
4438	508.49065795336264
4439	521.3625823060577
4440	534.5591761968457
4441	548.0251893658128
4442	562.5340264369536
4443	577.9803356601807
4444	592.3228872716452
4445	605.5908708351864
4446	617.6535841584135
4447	628.4456633663369
4448	638.8682311005505
4449	648.8687261745629
4450	659.665716124559
4451	671.4484776474053
4452	682.1319768305345
4453	691.3403534828471
4454	699.1782266448852
4455	705.0201000049518
4456	709.9034455445546
4457	713.2697821782172
4458	715.6908658844495
4459	716.4829843061539
4460	716.4154067033016
4461	714.7321550571808
4462	711.3956136442392
4463	704.6626070597556
4464	695.6460715877045
4465	681.4869547997463
4466	666.3881083221985
4467	648.9615030447037
4468	631.4553789791521
4469	613.7317292935261
4470	594.1433536313662
4471	568.8945789395526
4472	544.2550720332727
4473	521.67969701471
4474	499.26908262785946
4475	477.48582603099095
4476	456.0752475247473
4477	436.27326732673174
4478	417.2534085845857
4479	402.10414376949757
4480	387.7326006237964
4481	377.8311203524925
4482	368.3352990732922
4483	361.5956192080883
4484	355.129491055059
4485	350.86763466970757
4486	346.7433102081276
4487	343.96828543112065
4488	341.2227860647214
4489	338.84407552406014
4490	336.44853560632373
4491	333.77248624807976
4492	331.0849298775953
4493	328.1115417017687
4494	325.1340304276716
4495	321.9624163734565
4496	318.7908027750235
4497	315.6193458870156
4498	312.4478889990077
4499	309.47150998562853
4500	306.49812180980325
4501	303.81226027057903
4502	301.1362109123351
4503	298.83654112983197
4504	296.5570564915763
4505	294.64660290400934
4506	292.7634570593192
4507	291.42342913776025
4508	290.135024777007
4509	289.5563704841667
4510	289.0608057881956
4511	289.0869517815551
4512	289.1860647207493
4513	291.15908617870144
4514	293.4386837801685
4515	297.5531592249375
4516	302.01324148867536
4517	308.5137760158552
4518	315.4513379583725
4519	324.5450022300388
4520	334.1589573318781
4521	346.0369790376124
4522	358.5252093760842
4523	373.30235393230737
4524	388.76397244660575
4525	407.2065117201103
4526	426.6326478021775
4527	446.71278493558725
4528	467.02993062438776
4529	486.85104316368677
4530	506.4754051241335
4531	525.407859656072
4532	544.0410922245854
4533	564.4271569453359
4534	585.637325932899
4535	603.6310124386741
4536	619.9846474057205
4537	635.6352428146698
4538	650.8978790882078
4539	668.8927003320315
4540	688.5170622924871
4541	704.0403290549624
4542	716.925011150211
4543	727.4094549058512
4544	736.2300693756232
4545	742.6105951732009
4546	747.1697903761329
4547	749.254975222993
4548	749.3540832507433
4549	747.5914069081729
4550	744.2215669755694
4551	738.6406759502463
4552	731.0089796322914
4553	721.9375588483072
4554	711.4315872937199
4555	698.867139105007
4556	684.0993111650682
4557	668.8708721506389
4558	653.1126957383497
4559	639.1710193765778
4560	627.475692551665
4561	615.0997373507162
4562	601.8186034986907
4563	586.9883938748239
4564	569.940968333418
4565	553.4004261856392
4566	537.641468853758
4567	521.9572348860243
4568	506.3972745292356
4569	490.8724713811372
4570	475.4108528668388
4571	460.18484563159313
4572	445.4170176916543
4573	431.19122850487736
4574	418.1083205312462
4575	406.22983299470013
4576	397.11144258883184
4577	389.1549157581772
4578	384.1004063429146
4579	380.16102879230897
4580	379.269012339561
4581	379.41764122893954
4582	382.6882061446977
4583	387.3371898370563
4584	396.5492149967831
4585	407.3217968401829
4586	423.8638205140935
4587	441.2313010747356
4588	462.03264820959316
4589	483.2839185775751
4590	506.6606705958065
4591	530.468981229261
4592	556.6192461987962
4593	582.2827596453786
4594	604.8670793918055
4595	626.811807240851
4596	643.9481551186145
4597	660.7436410459542
4598	674.4124207606945
4599	687.0470110445248
4600	687.6413352483781
4601	687.5343568916802
4602	676.4403050864228
4603	665.0950720618101
4604	647.8596701500633
4605	630.5702837897987
4606	610.8585310286718
4607	591.1315338517161
4608	565.7737011539849
4609	540.4158684562537
4610	518.955217671244
4611	497.55954633252367
4612	478.17016492496975
4613	458.85462829974483
4614	442.81669060472757
4615	426.96804516863847
4616	415.15656480610306
4617	403.66629686494366
4618	397.29841521394746
4619	391.45451664025416
4620	389.12876033876455
4621	387.246733693229
4622	388.0328166014563
4623	389.22146500916244
4624	393.6088059036212
4625	398.56150760239905
4626	407.2169976722326
4627	416.62713089990626
4628	428.36814580031825
4629	440.65023771791107
4630	454.5811103957223
4631	468.9439453221716
4632	484.07276509335867
4633	499.42614035957
4634	514.8542221782004
4635	530.3066514783803
4636	546.2687831211933
4637	562.4145906592091
4638	578.4185528205668
4639	594.3662522906243
4640	606.517260165421
4641	617.0169877668301
4642	625.5696894656053
4643	633.1968500817197
4644	638.8666039324456
4645	643.5221435292968
4646	646.3403892823541
4647	648.1233618939133
4648	648.5541600633914
4649	648.1579635499206
4650	646.0344807092264
4651	642.7656975880345
4652	638.5165370709724
4653	633.5638353721945
4654	628.1649150611648
4655	622.419781090585
4656	616.5129909365559
4657	610.4706948640469
4658	604.3764053291056
4659	598.2350552226239
4660	591.9434005249863
4661	585.504888316575
4662	579.259214501509
4663	573.2169184290027
4664	567.2209400227821
4665	561.2776979842487
4666	555.3344559457164
4667	549.3912139071857
4668	543.6607567353404
4669	538.2130546751179
4670	532.765241939477
4671	527.3172700708238
4672	522.1017383982967
4673	517.2480907334945
4674	512.9103164776378
4675	509.4434252884949
4676	506.81548214551043
4677	505.7258877717793
4678	505.3636885895407
4679	506.4532290015847
4680	508.66463275716796
4681	513.3201723540192
4682	518.7074736268643
4683	525.8393640731011
4684	533.321312123306
4685	541.7196917300648
4686	550.5415600454468
4687	560.6191177197044
4688	570.40406086355
4689	579.1976583341564
4690	587.4679049547993
4691	593.692278812429
4692	599.3849421993874
4693	602.6454895761291
4694	605.7066739119698
4695	607.6826656128046
4696	609.7233216420493
4697	612.1933112680929
4698	614.8528999110763
4699	619.1014919474367
4700	623.5617349207149
4701	630.378906288595
4702	637.4716431182712
4703	649.03176563581
4704	660.8330500938707
4705	679.5070941606557
4706	698.1427950402551
4707	712.8639332114744
4708	727.5850713826939
4709	739.7755162533304
4710	751.9284655666403
4711	759.6174282467992
4712	767.1261967099715
4713	768.8959786582351
4714	770.2792411817012
4715	766.2519784616912
4716	761.7071975497712
4717	751.3693622486808
4718	740.3038087240058
4719	726.0788360833932
4720	711.3569706550746
4721	692.8185545620722
4722	673.5526354789328
4723	657.3481671771569
4724	641.8358660211434
4725	631.5625531073994
4726	622.6701511708311
4727	616.5068517512215
4728	611.1716741589674
4729	608.4787669202643
4730	606.7002865329507
4731	606.3420145235391
4732	606.5396136936225
4733	607.6977571386227
4734	609.2786285940119
4735	609.9986464456848
4736	610.2950452008103
4737	609.0598923084514
4738	606.9851010225749
4739	601.0409840924796
4740	592.7414089516863
4741	580.2514548238952
4742	564.9375191424253
4743	548.094279221427
4744	530.1118664163668
4745	510.66514178441236
4746	490.01500839838167
4747	468.5878081312074
4748	446.45670108185743
4749	425.017231498865
4750	404.2682936468724
4751	385.9663587412924
4752	370.35602430469737
4753	356.75482882971875
4754	345.590475720002
4755	336.4115798834106
4756	329.89048512992724
4757	324.80432742182444
4758	321.84033987057217
4759	320.0
4760	320.0
4761	320.7012794546268
4762	322.67727115546165
4763	325.30659025788066
4764	329.25876889635543
4765	333.4834107301664
4766	338.3248295622958
4767	343.44499333102596
4768	349.27416884848867
4769	355.38371702400696
4770	362.3000296413378
4771	369.26244133774475
4772	376.3760114607501
4773	383.36544978510915
4774	389.886222397864
4775	396.2790336923212
4776	402.1084971840715
4777	407.50869930346244
4778	410.67028602479814
4779	413.3460132397985
4780	412.95079537595103
4781	411.8781702316852
4782	405.456197203972
4783	398.7121233079741
4784	388.63406777986336
4785	378.2759628154034
4786	363.8152870001434
4787	349.32128277014704
4788	333.77851556735754
4789	318.23574836456805
4790	301.21996064928396
4791	284.20077717657887
4792	267.2773006738447
4793	250.35732625055488
4794	234.99458927692845
4795	219.74618789964936
4796	207.4150319724511
4797	195.41306443679161
4798	187.15824110963374
4799	179.48522945255698
4800	174.43266109198098
4801	169.90732907033887
4802	167.5843293492692
4803	165.81363435148228
4804	165.4
4805	165.4
4806	166.12145983965394
4807	167.1051792828689
4808	168.57112783434204
4809	170.24345088780674
4810	171.8501918347271
4811	173.4242203639946
4812	174.68626235797578
4813	175.76835374551175
4814	176.55480570585343
4815	177.14506640432876
4816	177.4
4817	177.4
4818	177.08416703556136
4819	176.4939353696324
4820	175.4592228234132
4821	173.98357107722555
4822	172.23113472037747
4823	170.16532388962605
4824	168.0137038858822
4825	165.75103787506114
4826	163.52805075992302
4827	161.3638679848501
4828	159.30881904480788
4829	157.43975210270025
4830	155.7362715199214
4831	154.35899655681231
4832	153.0713688456049
4833	151.98927745806893
4834	150.96041318248902
4835	150.07502213477605
4836	149.14288243974386
4837	148.0607378258729
4838	146.85784270326093
4839	145.18551964979548
4840	143.39508116084522
4841	141.034038366945
4842	138.56401554276707
4843	135.41611332447917
4844	132.23708804721963
4845	128.79390063944848
4846	125.3720918793959
4847	122.22418966110801
4848	119.12267965176262
4849	117.15524076533357
4850	115.19878012788986
4851	115.00202656173141
4852	114.80527299557298
4853	116.71471152427345
4854	118.6821504107025
4855	124.07158878504704
4856	129.67906542056258
4857	138.231382193804
4858	147.08529267092985
4859	158.69040381683322
4860	170.69178102405579
4861	184.67929168716472
4862	199.04230201672445
4863	216.10721558211833
4864	233.81416555998769
4865	251.75048696507997
4866	269.7534382685692
4867	287.2448576066126
4868	304.55831980719597
4869	321.0350695981529
4870	337.1680684668711
4871	353.3680767338902
4872	369.6002459419615
4873	385.57900742708426
4874	401.4168904628381
4875	417.794982784062
4876	434.51903590752937
4877	450.7325725528811
4878	466.5712346286284
4879	482.035148295707
4880	497.1844277212175
4881	512.1834235120546
4882	527.0383177570102
4883	542.1746987359212
4884	557.6190939943962
4885	573.1949827840667
4886	588.9352680767349
4887	602.9495548380773
4888	614.4944134624765
4889	625.2488993249174
4890	634.641326680365
4891	643.7493395949539
4892	652.2612268858245
4893	660.282217112666
4894	667.0333545325572
4895	672.7051756188239
4896	674.8576068877796
4897	676.2831523334316
4898	674.6199099892377
4899	672.1264749046059
4900	664.7886410331657
4901	657.3009685940706
4902	648.4955679483425
4903	639.6504867667943
4904	630.1597573504255
4905	620.6460815967157
4906	609.4925741121217
4907	598.3390666275277
4908	584.4345171705281
4909	570.4437139223155
4910	557.2677624498587
4911	544.1574992662189
4912	533.3750317972792
4913	522.9063888073533
4914	513.5838364072171
4915	504.4844772760594
4916	496.93698268271015
4917	489.7948243811751
4918	484.1909402211134
4919	479.1033754035816
4920	475.4632716955296
4921	472.430300362001
4922	470.495567948342
4923	469.1258389590059
4924	468.4794383836407
4925	468.28375324103513
4926	468.2
4927	468.2
4928	467.99344486840823
4929	467.6020937285981
4930	466.3590842383334
4931	464.2066529693767
4932	460.93648371000813
4933	456.2402700322864
4934	450.3839440340498
4935	442.75222347243374
4936	434.0901085999433
4937	423.5236278250694
4938	412.3866451423579
4939	399.9612464533804
4940	387.432875103955
4941	374.61549826329207
4942	361.7982584874263
4943	348.9815086586441
4944	336.33538792681907
4945	324.49701594756226
4946	312.7987672439134
4947	302.0366108991297
4948	291.4511495939712
4949	282.7435867331955
4950	274.14643119221194
4951	268.0801917714402
4952	262.01395235066843
4953	259.26684277468024
4954	256.5273847960092
4955	256.6798649838567
4956	256.9733783387145
4957	260.9144115057241
4958	265.21927404363566
4959	272.1479600821828
4960	279.48579395362293
4961	288.75157771145916
4962	298.4379922704335
4963	309.492045788082
4964	320.93906662753375
4965	332.744467273263
4966	344.6806770374724
4967	357.4924567067789
4968	370.7005576753712
4969	383.46746893650237
4970	395.9907054104325
4971	409.0426593610926
4972	422.4470916295721
4973	434.81778690930685
4974	446.3626455337061
4975	457.10648664514184
4976	467.08594071030046
4977	476.3793073084816
4978	484.89119459935597
4979	492.94751981215387
4980	500.38319146854656
4981	507.48517195831965
4982	514.0406242356053
4983	520.300988161628
4984	525.975579688875
4985	531.3941101653452
4986	536.1881616280215
4987	540.6926915174653
4988	544.3126895607091
4989	547.6726441255172
4990	550.007842374118
4991	552.0857601556797
4992	552.6695597178302
4993	553.1110721930335
4994	552.1381202568595
4995	551.0815665288262
4996	547.7733690099735
4997	544.4651714911208
4998	539.9172115197514
4999	535.3443374197333
5000	530.1414449039173
5001	524.8872488445631
5002	519.4639065920705
5003	514.0151106786684
5004	508.8832068495825
5005	503.8238567814751
5006	499.20689856482664
5007	494.73110192167496
5008	490.4605370694699
5009	486.2768437439195
5010	481.9672504378282
5011	477.58896672504295
5012	472.7502116273406
5013	467.59331549501366
5014	461.60230589608915
5015	454.88893753648506
5016	447.3809486742878
5017	439.0131549501347
5018	429.86003405497564
5019	419.6435417173423
5020	409.0319906596593
5021	397.74574820004005
5022	386.3677645341792
5023	374.78907321819474
5024	363.0346760070035
5025	350.77548161121024
5026	338.5555923133097
5027	326.4904013621999
5028	314.3823603813952
5029	302.025870791979
5030	289.73164680125984
5031	278.0556555582555
5032	266.4462174653364
5033	256.6189248358078
5034	246.7916322062791
5035	239.9221443860686
5036	233.11148083284706
5037	230.53016784237457
5038	228.29226952079873
5039	230.36847635726718
5040	233.0927417785558
5041	240.88445222806016
5042	249.8356100408656
5043	262.5495110678677
5044	276.4634006324479
5045	292.9748491924487
5046	310.58527923720715
5047	329.39255655558287
5048	348.8525419605901
5049	368.9457163707105
5050	389.4760009730022
5051	409.95359019264663
5052	430.38558085230216
5053	448.52717100461837
5054	464.19245925565616
5055	477.87260167347796
5056	488.86695855224497
5057	498.8910630017001
5058	507.2588567258569
5059	515.4739382145467
5060	523.3552323035747
5061	531.6889667250414
5062	541.3211908931689
5063	552.019061055704
5064	566.9059498905345
5065	582.151021599527
5066	599.4695660634331
5067	616.832799805399
5068	634.6386864509805
5069	652.7122202763072
5070	677.9116754232268
5071	703.1111305701464
5072	721.4421016784258
5073	739.6371880321157
5074	752.431544636344
5075	764.7886353685236
5076	770.545787118117
5077	775.3132516053721
5078	774.1407443444414
5079	771.6109462417904
5080	763.2511675423232
5081	753.0351722124908
5082	739.8100700525391
5083	725.3130862035455
5084	708.54828508879
5085	690.5477985891503
5086	672.1447752481032
5087	653.464098073561
5088	638.2784723911494
5089	626.1159815130145
5090	615.0760204329848
5091	605.2487278034563
5092	596.2639674544778
5093	588.418171251456
5094	582.0035743691593
5095	578.1289194556124
5096	575.4
5097	575.4
5098	575.9367946917217
5099	578.26158763985
5100	581.0532158078247
5101	586.1868849283203
5102	591.35984114684
5103	596.8809569934133
5104	602.3453506392885
5105	606.3166795815588
5106	610.288008523829
5107	612.2826036419996
5108	614.2198372723753
5109	614.1364265995059
5110	613.8458274809899
5111	610.2101898488949
5112	605.9482758620683
5113	598.5233436652451
5114	590.1932390546295
5115	579.1704170097341
5116	567.0621204048999
5117	554.1382409918622
5118	540.7713289422697
5119	527.1780694531885
5120	513.4230445100968
5121	499.517696629212
5122	485.472752808988
5123	471.38386284385894
5124	457.24205734211614
5125	443.25067079963276
5126	429.4956458565411
5127	416.0234598992638
5128	403.1408562572653
5129	390.7606335060792
5130	379.81473337530906
5131	368.9066543975203
5132	358.1550077489351
5133	347.56693142193046
5134	338.07448663308935
5135	328.5946239163093
5136	319.29545212379657
5137	309.9965517241388
5138	301.3758620689668
5139	292.7551724137948
5140	285.4935147963396
5141	278.3254032062777
5142	272.8447307245262
5143	267.6141999225117
5144	264.5699147617209
5145	262.05151104223245
5146	261.75903521092636
5147	262.24336707511975
5148	265.67683068577946
5149	270.5199147617188
5150	277.61487795427826
5151	286.1387059279314
5152	296.4639674544724
5153	308.2810925997696
5154	321.1724719101173
5155	335.21741573034126
5156	350.15214801182236
5157	366.32883227588087
5158	382.6760557923344
5159	399.3362650135656
5160	415.88515522836695
5161	432.15870586526415
5162	447.69701666021376
5163	460.67648198373115
5164	473.07291747384966
5165	482.37163889965314
5166	491.38933501235147
5167	497.68564924686524
5168	503.9091728012408
5169	507.68677838047347
5170	511.46438395970614
5171	513.0942219208605
5172	514.6440838862792
5173	514.8
5174	514.8
5175	512.2939364587367
5176	509.2912243316543
5177	503.90223276989354
5178	497.7996512810571
5179	489.17028283610915
5180	479.4841146842305
5181	467.0686104518809
5182	453.11985276311185
5183	436.66257264625943
5184	418.3557148392088
5185	399.55408756296026
5186	380.2786129407218
5187	360.91631714050595
5188	341.44617619993255
5189	322.2349283223558
5190	303.44376210771134
5191	284.9895481183721
5192	267.26300188889485
5193	250.0244672607518
5194	234.23601317318963
5195	218.99665652026997
5196	206.1445523505836
5197	193.77985215248688
5198	185.0829395564585
5199	176.5286307855839
5200	170.82759686926406
5201	165.12656295294423
5202	162.54333478281964
5203	160.03089336618922
5204	159.8
5205	159.8
5206	162.55456346330266
5207	165.8400637773578
5208	170.75975262115077
5209	176.17116490312398
5210	182.3931294390466
5211	188.9641300671569
5212	195.89999516837904
5213	203.05078996955788
5214	209.7689810117382
5215	216.14671691549233
5216	221.34094796347128
5217	225.3028748127731
5218	227.92483934869753
5219	228.69789824612226
5220	228.6242160699623
5221	226.981465912934
5222	224.551819104216
5223	220.10673044402373
5224	215.43725177561723
5225	209.92920713146592
5226	204.51680919939878
5227	199.68519109049416
5228	194.95750108711266
5229	191.5753684108794
5230	188.19652123496087
5231	186.4571387157552
5232	184.71775619654952
5233	184.2396385949653
5234	183.85310914625293
5235	183.8
5236	183.8
5237	184.10647919988418
5238	184.49300864859654
5239	184.6
5240	184.6
5241	183.96850751316583
5242	183.0021838913849
5243	181.35889259312873
5244	179.23298062521067
5245	176.8586751703137
5246	174.2496013915052
5247	171.68347103444867
5248	169.17102961781825
5249	166.8758370778368
5250	164.94318983427493
5251	163.30527129535653
5252	162.3389476735756
5253	161.6
5254	161.6
5255	161.68001159588357
5256	162.16317340677404
5257	162.72973860946064
5258	164.08259167995396
5259	165.43544475044726
5260	166.78829782094056
5261	168.14115089143385
5262	168.9393951106388
5263	169.7124166586144
5264	169.8
5265	169.8
5266	168.69471904140698
5267	167.34186597091366
5268	164.76138570807368
5269	161.7657824805528
5270	157.91896410107753
5271	153.66714016524145
5272	149.00411653862895
5273	144.0758660675462
5274	138.99159298449072
5275	133.7734454268737
5276	128.60057013093711
5277	123.47905493549821
5278	118.47315069816914
5279	113.64153258926449
5280	108.90531961153826
5281	104.36359858916788
5282	99.97227617529146
5283	96.01034932598964
5284	92.04842247668783
5285	88.08649562738601
5286	84.11297289462284
5287	80.05441368314295
5288	76.01529690293324
5289	72.34326714016571
5290	68.67123737739817
5291	66.04154225250072
5292	63.43246847369222
5293	62.495820650335915
5294	61.72276175291117
5295	62.65673285983456
5296	63.91295356814977
5297	67.77848963617836
5298	72.41684302072682
5299	78.82012566457217
5300	85.973339777672
5301	95.02281295311936
5302	105.17264378927005
5303	116.79396810053211
5304	129.5537554374129
5305	142.7440115998107
5306	156.37378443692737
5307	169.96239729337702
5308	183.49550507491128
5309	197.30453359110183
5310	211.61096181730147
5311	225.8895698405027
5312	240.09933301111369
5313	254.18219429675761
5314	267.8119671338802
5315	281.383818269697
5316	294.62693088448407
5317	307.86223296278064
5318	321.0086805219911
5319	334.15170613823386
5320	347.0081585306914
5321	359.864610923149
5322	372.53879168680567
5323	385.20191396810395
5324	397.6116384726937
5325	409.9847655872393
5326	422.28057421818113
5327	434.55762965826887
5328	446.40743354277254
5329	458.1039052682466
5330	469.6714451425814
5331	481.1745867568855
5332	493.0245045915889
5333	505.1076365393927
5334	517.5486515224765
5335	530.3084388593517
5336	543.4683325277905
5337	557.0981053649131
5338	570.841237312715
5339	584.7610053165788
5340	597.7472788786853
5341	608.7670952150823
5342	619.2246399226711
5343	628.0211599806684
5344	636.4976993716768
5345	643.5542484291911
5346	650.677438376024
5347	658.313977767036
5348	665.8573417109719
5349	671.4639149347504
5350	677.0704881585289
5351	680.8828516191393
5352	684.6527887868541
5353	686.8430062832285
5354	688.8729724504587
5355	689.2
5356	689.2
5357	687.1905944900916
5358	684.5806379893671
5359	679.3283325277913
5360	672.9484388593509
5361	664.3084871918783
5362	654.3519864668923
5363	644.5584610179337
5364	634.8914882304631
5365	624.2219429676195
5366	612.5254712421454
5367	599.7197680038652
5368	585.4133397776719
5369	571.072498791689
5370	556.6694055099068
5371	543.2927984533569
5372	532.4663122281295
5373	522.3141614306436
5374	514.5809569840492
5375	507.43827936200944
5376	503.6683421942963
5377	500.2
5378	500.2
5379	500.23508941517775
5380	503.42503624939656
5381	506.61498308361536
5382	511.71715804736493
5383	516.9370710488139
5384	521.988206863218
5385	527.0147897535043
5386	530.2538424359592
5387	533.0571290478484
5388	533.5158047365877
5389	533.1291445142581
5390	529.008506524891
5391	523.015273078783
5392	513.9057515708083
5393	502.69260512324644
5394	489.1826969550485
5395	473.61962300628414
5396	456.05993233446225
5397	436.14693088448166
5398	415.5549325728586
5399	393.90091352892443
5400	372.37138714354654
5401	351.10507491542126
5402	329.8705003879034
5403	308.7300814584987
5404	287.57126648564946
5405	266.33387315748604
5406	245.0717901473986
5407	223.64044802171765
5408	202.38532777346248
5409	183.66926881303445
5410	164.95708882855612
5411	147.79262024825965
5412	130.62815166796315
5413	115.37816136540113
5414	100.25015515903813
5415	88.78160306453766
5416	77.8229646511136
5417	68.36714507369936
5418	59.251551590382086
5419	51.37732738557189
5420	43.91029868114912
5421	37.3808572536852
5422	31.271470131884758
5423	25.8931148176873
5424	20.947420480991703
5425	16.385802948021233
5426	12.11892940263868
5427	7.949689681925395
5428	3.8767649340584325
5429	1.215089948116277
5430	0.34227803908250254
5431	-0.34689681923981586
5432	-0.7347944142747648
5433	-1.0
5434	-1.0
5435	-1.0
5436	-1.0
5437	-0.925717610550844
5438	-0.5378200155158951
5439	-0.1499199922416424
5440	0.23799641177319744
5441	1.0469743987561133
5442	7.7382079131089805
5443	14.438828549261277
5444	23.263498836306365
5445	32.088169123351456
5446	41.734988363073114
5447	51.43242823894684
5448	60.95927075252415
5449	70.4627618308804
5450	79.80775795190193
5451	89.1173002327366
5452	98.64643134212356
5453	108.24689681923854
5454	117.84736229635352
5455	127.4478277734685
5456	136.4987150269113
5457	145.2268341172452
5458	153.67945112490023
5459	161.92227501939288
5460	169.9200930954217
5461	177.67804499612066
5462	185.35009697439915
5463	192.91410007758066
5464	200.84709076803935
5465	209.38083785880823
5466	218.19221295578254
5467	227.5987296353759
5468	237.32759891388386
5469	247.99478277734497
5470	259.03698782912215
5471	271.64427095961
5472	284.6198797517497
5473	300.0388091543821
5474	315.6905740884333
5475	334.5036074476284
5476	353.34670287043764
5477	377.00845616756953
5478	400.67020946470143
5479	430.00647788984014
5480	459.6806439100137
5481	489.44155554478
5482	519.2141395529189
5483	549.064972847162
5484	578.9330876648531
5485	603.2242823894488
5486	625.7223429014758
5487	644.1806439100108
5488	660.8602404965136
5489	673.127812257565
5490	682.8252521334344
5491	687.6627230411167
5492	688.8264158262216
5493	687.5313227307996
5494	683.8462955779676
5495	678.479412335143
5496	671.0123836307204
5497	663.3598409542734
5498	655.4075546719691
5499	648.262218774245
5500	642.8316524437557
5501	637.5509697439878
5502	632.702249806051
5503	627.8346004654765
5504	622.8889061287808
5505	617.8618265151867
5506	612.303291237992
5507	606.6249548978489
5508	599.6036471792869
5509	592.5248878486449
5510	583.6503023210458
5511	574.7757167934468
5512	565.0412696864803
5513	555.2894534106998
5514	546.1715915740218
5515	537.1019602106513
5516	528.4610658735213
5517	519.8794675508344
5518	511.53998732263955
5519	503.25094348822245
5520	495.416062024573
5521	487.7117515116025
5522	480.0077136866718
5523	472.30377882880526
5524	464.20462258630624
5525	455.9151745660214
5526	446.8955287922362
5527	437.4362670047291
5528	427.0824906138772
5529	416.06293822224524
5530	404.68648332358293
5531	392.98373317729846
5532	380.86734604320293
5533	368.2875030474461
5534	355.4612346401447
5535	342.2956407255747
5536	328.8777804866181
5537	315.0302013750037
5538	301.18262226339124
5539	287.3350431517829
5540	273.53957480007483
5541	259.88636629607623
5542	246.3604466331824
5543	233.29301282363656
5544	220.4364345621213
5545	208.6361614979511
5546	197.1516017358226
5547	188.08241259934675
5548	179.08893656443593
5549	171.18996538105375
5550	163.30444704505754
5551	156.38031987517255
5552	149.45619270528755
5553	143.0019406114411
5554	136.565741869426
5555	129.23975034133346
5556	121.82800858201995
5557	112.73673021600386
5558	103.37498659125043
5559	93.22295577551084
5560	82.88603052318352
5561	70.54886873415093
5562	57.578320655352286
5563	42.120220391046644
5564	25.639650884977613
5565	13.585255253787723
5566	3.833438978000638
5567	-0.29593329433357624
5568	-0.7835478837555031
5569	-2.084597006191892
5570	-4.03496026134799
5571	-5.0
5572	-5.0
5573	-6.107806328928237
5574	-8.54576039787444
5575	-10.0
5576	-10.0
5577	-10.0
5578	-10.0
5579	-9.264225461991911
5580	-6.826271393046788
5581	-5.0
5582	-5.0
5583	-5.0
5584	-5.0
5585	-4.709005802331028
5586	-2.7586425471749294
5587	-0.9616539886874763
5588	-0.5715623171446601
5589	0.35122141498493725
5590	11.955882783168871
5591	23.560544151352804
5592	39.928145114108496
5593	56.311995318906774
5594	71.311599785465
5595	86.23187868740916
5596	101.50123360476125
5597	116.81158515773663
5598	131.95794811780857
5599	147.0740003900927
5600	161.72535959822514
5601	176.2555658491381
5602	190.56912424419588
5603	204.80747025550863
5604	219.92197571797504
5605	235.42736359646602
5606	251.4949826905253
5607	267.8780340338438
5608	285.256007856624
5609	303.3262263687758
5610	322.7546575006188
5611	343.2800687453999
5612	365.63287173443666
5613	389.69494205461
5614	415.83188804321514
5615	444.21391603241005
5616	471.9857598821501
5617	498.9928799410726
5618	525.4799999999954
5619	551.2104198379506
5620	575.3021458384446
5621	596.6132187576766
5622	614.936685489816
5623	627.3108568622678
5624	637.4330665357243
5625	642.2452442916777
5626	645.0558114411978
5627	642.2077878713478
5628	637.3286717407324
5629	625.4455389148064
5630	611.6576773876797
5631	589.6591505033209
5632	566.6466705951782
5633	537.9686112748084
5634	508.9960520500946
5635	477.7660004910357
5636	446.4584630493357
5637	414.246334397239
5638	382.2507341026198
5639	355.14540633439213
5640	328.06557328750057
5641	305.28138472870046
5642	282.4971961699004
5643	264.28273017432093
5644	246.21251166216916
5645	233.36451755463156
5646	220.89213847287462
5647	213.96586300024578
5648	207.6805696047119
5649	206.6311023815369
5650	206.43468696292655
5651	210.52407561993695
5652	215.53266879450075
5653	224.6374779021811
5654	234.8515812217649
5655	247.866093788363
5656	261.8115885096975
5657	277.5100908421292
5658	293.9107782960931
5659	311.7087159341958
5660	330.1717652835683
5661	349.39022833292137
5662	369.0317701939647
5663	388.7920451755527
5664	408.6300024551976
5665	427.5196660937914
5666	445.68809231524835
5667	461.1422538669287
5668	474.2038792045167
5669	484.54318684016584
5670	492.10518045666413
5671	497.2356493984771
5672	499.4944267124961
5673	500.0954232960133
5674	498.425810253389
5675	495.16573533022483
5676	489.3714804812171
5677	482.78868647188534
5678	474.73565430886117
5679	466.3142253866912
5680	457.08270071200496
5681	447.85117603731874
5682	438.6196513626325
5683	429.64696292659085
5684	421.49572305426153
5685	413.86307881168835
5686	408.26523938129355
5687	403.2891333169661
5688	401.423186840167
5689	400.0172059906708
5690	401.68673704885873
5691	403.83426466977755
5692	410.61059661183447
5693	417.5888332351207
5694	427.9011490866236
5695	438.2500466486623
5696	450.3295948931986
5697	462.4091431377348
5698	474.1020672722785
5699	485.788784679594
5700	495.42793027252293
5701	504.9540780751247
5702	510.9007512889756
5703	516.4985907193729
5704	517.3718130033393
5705	517.5682380671775
5706	513.8952614780248
5707	509.47591455929205
5708	501.1981635158349
5709	491.96663884114867
5710	480.86771513353057
5711	469.19610286844613
5712	456.5691904455759
5713	443.61236338460054
5714	431.0830860534127
5715	418.7190900098911
5716	407.7382789317503
5717	397.3525222551921
5718	388.90927794263024
5719	381.3919683481691
5720	374.9763798219575
5721	369.14057368941525
5722	364.1189713155281
5723	359.56902077151216
5724	355.5027101879316
5725	351.744055390701
5726	348.56827060976127
5727	345.79887245932383
5728	343.36595450049407
5729	341.18989119683425
5730	339.71474777448043
5731	338.8245400593469
5732	338.76218595450075
5733	339.45456973293795
5734	341.93128585558935
5735	346.1845004945589
5736	352.4754302670587
5737	360.9818595450016
5738	371.2967952522211
5739	383.7597032640909
5740	398.417477744802
5741	415.9248961424287
5742	434.57640949554434
5743	454.85336300691984
5744	475.0529475766535
5745	495.1320771513327
5746	514.6997477869517
5747	533.3931853024046
5748	551.194559841737
5749	567.3172106824893
5750	581.6396636993059
5751	592.2232443125604
5752	600.8887240356079
5753	605.1419386745794
5754	608.3667655786351
5755	608.9602373887241
5756	609.1694362017804
5757	608.2792284866468
5758	607.2014836795252
5759	605.5199802176062
5760	604.1149357072205
5761	603.7192878338278
5762	603.6481701285858
5763	604.934025717112
5764	606.7272997032653
5765	610.9805143422368
5766	615.4547549577192
5767	621.1913654121968
5768	626.9531157270043
5769	632.8878338278946
5770	638.7395450049471
5771	643.882967359052
5772	648.9525914935722
5773	653.2058061325437
5774	657.3264985163213
5775	659.4036498516319
5776	661.4307814045496
5777	662.2220771513349
5778	663.0200593471806
5779	664.2070029673587
5780	665.3939465875367
5781	668.9426706231444
5782	672.5035014836786
5783	679.5286646884258
5784	686.6503264094943
5785	696.9698714144396
5786	707.454540059346
5787	719.7762227387348
5788	732.2385144157033
5789	745.1498318496509
5790	758.1072997032617
5791	769.4019386745779
5792	780.4800791295733
5793	786.8644510385751
5794	792.502433234421
5795	792.81784371909
5796	792.1254599406528
5797	784.144055390702
5798	774.5495944609291
5799	759.4382195845681
5800	742.9199208704232
5801	722.7996834816978
5802	701.6325222551886
5803	677.1890801186885
5804	651.6697922848597
5805	629.7647477744746
5806	609.1910583580546
5807	586.9355620394573
5808	563.9891202215467
5809	543.894658753705
5810	525.1013847675521
5811	508.6821966870571
5812	493.46058797193933
5813	480.7129582649312
5814	469.2718798189277
5815	460.0733459357259
5816	452.11393891155166
5817	446.0467392926437
5818	441.07235735959864
5819	437.64891055616357
5820	435.161595861108
5821	433.65076854200845
5822	432.75537979406033
5823	432.33999900512356
5824	432.24051136646267
5825	432.0230623818525
5826	431.724584618446
5827	431.1942695120133
5828	430.497856041387
5829	429.28901159031017
5830	427.69720937173577
5831	425.54628662388717
5832	422.95960801870376
5833	419.9887181017758
5834	416.7056260259661
5835	412.99152323151867
5836	408.91232713162753
5837	404.72754315276165
5838	400.4495746903429
5839	396.4307217828176
5840	392.6501915137051
5841	389.0220564094924
5842	385.53998905636087
5843	382.4561110282055
5844	379.7699447843612
5845	377.52247537558475
5846	375.7316087951448
5847	374.46586081679345
5848	373.7694473461671
5849	373.4
5850	373.4
5851	374.0852708550966
5852	375.5775854350101
5853	377.3378600208931
5854	379.427100432772
5855	381.4727489802015
5856	383.4626007362451
5857	385.02620504402313
5858	386.02108143063214
5859	386.5168084365518
5860	386.31783315922996
5861	384.820583992439
5862	381.4380042779684
5863	376.90858080883413
5864	370.6408595731974
5865	363.4099293602611
5866	354.6545816336655
5867	345.4868228622569
5868	335.6375466348322
5869	325.45993135353365
5870	314.7152663781564
5871	304.1478883748727
5872	293.9006615927999
5873	284.1010595433538
5874	275.1471720638728
5875	266.7276887871862
5876	259.3652372898217
5877	252.74794806745194
5878	247.674078495746
5879	243.3530096507807
5880	240.66670978012192
5881	238.7696463214446
5882	238.6701586827837
5883	239.1572501616668
5884	241.04751529622393
5885	243.67375385533686
5886	248.1509203064369
5887	253.01007809779665
5888	258.8798487787898
5889	264.88094314281534
5890	271.248152017113
5891	277.43868079391257
5892	283.1094761975839
5893	288.41704223250383
5894	292.5955230562617
5895	296.2174509999011
5896	298.00831758034025
5897	299.355648410685
5898	299.1566731333632
5899	298.38661891260057
5900	295.50147739143443
5901	292.3144406307519
5902	287.93698452967226
5903	283.4067154156095
5904	278.23335820524267
5905	273.0418764302053
5906	267.7687692766875
5907	262.54689349848127
5908	257.5725115654385
5909	252.71039148386
5910	248.4324230214413
5911	244.28786184867363
5912	240.89397085246682
5913	237.69124120377367
5914	235.59511902979483
5915	233.72832900778582
5916	233.2292273906966
5917	232.95371562609208
5918	234.05168438389003
5919	235.51700938311086
5920	239.31018167298905
5921	243.36827710121847
5922	249.1578558594536
5923	255.12780356340838
5924	262.3145081599041
5925	269.5513276103007
5926	277.1376721900571
5927	284.6996556370706
5928	292.0859909168023
5929	299.4252146136932
5930	306.4126372529425
5931	313.3086244759413
5932	319.49748452784786
5933	325.6642044320204
5934	331.6534238370913
5935	337.70690756637833
5936	344.29504891195626
5937	351.1419274342439
5938	360.22512352148567
5939	369.5479337193094
5940	381.02727091236187
5941	392.891515272515
5942	408.36366540228136
5943	424.1136297849042
5944	442.5794679842336
5945	461.1165402275931
5946	480.38186264723765
5947	499.71537655337886
5948	519.7782602185962
5949	539.8657217009369
5950	560.2290676781778
5951	580.366041125972
5952	597.8345977240953
5953	615.0201327544031
5954	628.6948345560686
5955	642.35543022559
5956	655.8311738869994
5957	669.1590856914677
5958	680.4382192943064
5959	691.4317029347203
5960	698.2194849271339
5961	704.6658814134562
5962	705.7639049710525
5963	706.496002395566
5964	701.1059739481943
5965	695.1635755639819
5966	679.2921441405441
5967	663.1413984129323
5968	641.5812846234451
5969	619.6540427230992
5970	590.0074066679986
5971	560.1771810740678
5972	526.1384507885818
5973	492.08072066676795
5974	457.54461246694126
5975	423.1186464364222
5976	391.7750648832181
5977	360.6320107800629
5978	335.77799071717055
5979	311.0895587941621
5980	292.32333799160676
5981	273.7102415651772
5982	261.432341784782
5983	249.2961868636432
5984	244.1055300459151
5985	239.01637053304097
5986	240.01457376721945
5987	241.09326745521096
5988	248.37978739332468
5989	255.70355360351613
5990	267.08307047315077
5991	278.4746656019194
5992	292.0502295867467
5993	305.62768877576787
5994	320.2007286519953
5995	334.7737685282228
5996	348.4507686164902
5997	362.1261529247353
5998	374.21243699156423
5999	386.29009332734176
6000	396.0933719305229
6001	405.87576362547196
6002	414.0813136354543
6003	422.2665801557178
6004	428.5858661476248
6005	434.8742326695586
6006	440.1846675983207
6007	445.47514473946666
6008	450.765364076458
6009	456.0555771822142
6010	461.9286184867254
6011	467.8180175683784
6012	474.4819506838375
6013	481.17058001397453
6014	488.43764600179645
6015	495.7252570629939
6016	503.78140161724986
6017	511.86765498652005
6018	519.9539083557937
6019	528.0401617250675
6020	535.7448637316578
6021	543.4317959468934
6022	551.4038734151956
6023	559.3902964959562
6024	567.3763414025456
6025	575.3623658597463
6026	582.971328741139
6027	590.5584306678617
6028	597.5814116002781
6029	604.5695317959468
6030	610.5271638215046
6031	616.4171508435682
6032	621.5604073075779
6033	626.6517520215629
6034	630.3480682839177
6035	633.9419586702616
6036	635.3119496855347
6037	636.5099131476488
6038	635.399800339423
6039	634.1020065887989
6040	628.4809823300393
6041	622.4911650194688
6042	612.1024258760124
6043	601.3207547169806
6044	584.2398602445693
6045	566.5707811330128
6046	545.9903264450429
6047	525.1257961465557
6048	503.08325846061854
6049	480.92093441149757
6050	458.48778077268827
6051	436.0259658580489
6052	415.36289308176475
6053	394.8976839373063
6054	379.4499450933381
6055	364.5752321054146
6056	354.0741739043605
6057	344.09114505340966
6058	338.82102320938355
6059	334.12923384077817
6060	333.4228611360687
6061	333.2232005590497
6062	335.58221024258705
6063	338.277628032345
6064	342.9945293001906
6065	347.9860437256683
6066	353.59041629230416
6067	359.2807427373461
6068	364.098951781971
6069	368.79097534192
6070	372.1799141459521
6071	375.3744833782564
6072	377.35759209344104
6073	379.154537286613
6074	380.089547768793
6075	380.8881900768691
6076	381.60097833682727
6077	382.2997903563941
6078	383.1695932118793
6079	384.06802096331444
6080	385.22198262952986
6081	386.41994609164396
6082	387.6179095537585
6083	388.8158730158732
6084	389.8448637316561
6085	390.8431666167512
6086	391.16829390036935
6087	391.3679544773884
6088	391.0647698911849
6089	390.66544873714673
6090	388.51329739442895
6091	386.01754018169123
6092	381.8592093441146
6093	377.3668463611847
6094	371.2186982130371
6095	364.72972945991904
6096	356.5917640011981
6097	348.10618947788606
6098	338.7177938607408
6099	329.1345645121
6100	318.4062893081738
6101	307.4249575721279
6102	296.28078266946113
6103	285.09979035639117
6104	274.0809623639802
6105	263.0996306279343
6106	252.84498352800287
6107	242.76212438853796
6108	233.88531496456037
6109	225.29991015274265
6110	218.39584705999903
6111	211.90687830687804
6112	207.50033837579636
6113	203.6189689490454
6114	202.09329219745226
6115	201.1975915605093
6116	202.3186504777074
6117	204.01052945859885
6118	208.61367436305684
6119	214.08740047770564
6120	221.75517515923514
6121	230.11504777070255
6122	240.11835191082997
6123	250.66771496815315
6124	262.249522292992
6125	274.1921974522258
6126	286.42603503184563
6127	298.7667993630595
6128	311.0352888490828
6129	323.27592177936776
6130	334.453941082802
6131	345.20234872611724
6132	355.1816978503205
6133	364.8353602707012
6134	373.1098427547763
6135	380.7730593152846
6136	387.00820063694204
6137	392.581449044587
6138	397.0148785828032
6139	400.8962480095542
6140	403.7862261146493
6141	406.1747611464961
6142	407.3256867038216
6143	407.82329816878985
6144	407.5507265127388
6145	406.85407046178346
6146	404.5767515923573
6147	401.3920382165616
6148	397.70915605095627
6149	393.72826433120986
6150	389.13421576433075
6151	384.15810111465004
6152	378.69910429936436
6153	372.9268113057347
6154	366.7980891719763
6155	360.42866242038207
6156	353.7669884554137
6157	346.8999502388543
6158	339.74544187898096
6159	332.3807921974501
6160	324.2811405254749
6161	315.62270103503045
6162	306.2972631369426
6163	296.44455613057477
6164	285.88168789808987
6165	274.7351910828
6166	262.7836086783404
6167	250.1442774681513
6168	237.08321058917244
6169	223.64770103503446
6170	210.47099920382317
6171	197.5331011146474
6172	185.5097133757935
6173	174.36321656050868
6174	164.11403264331284
6175	154.75893710191303
6176	146.7240147293005
6177	140.0560210987253
6178	134.63446457006287
6179	130.55405055732467
6180	127.69523288216578
6181	126.20239848726156
6182	125.49205812101907
6183	125.69110270700638
6184	126.83669386942711
6185	129.12570660828024
6186	131.98825636942618
6187	135.5710589171963
6188	139.542230183608
6189	144.0205105239582
6190	148.92085987261098
6191	154.39458598725977
6192	160.32197452229155
6193	166.89044585987313
6194	173.86178343949186
6195	181.4254777070066
6196	189.53980891719627
6197	198.4968152866216
6198	208.4132165605064
6199	219.8582802547773
6200	231.75238853503367
6201	244.39171974522276
6202	257.35923566878745
6203	270.89426751591907
6204	284.67786624203353
6205	298.9095541401269
6206	313.3485668789824
6207	328.177388535031
6208	343.0398089171965
6209	357.9681528662455
6210	372.6027070063747
6211	386.6353503184744
6212	400.57998911376177
6213	414.33623633034546
6214	427.38586768271267
6215	438.7669355237762
6216	449.35415903805307
6217	457.8652184670185
6218	465.6424167450133
6219	471.2834677618883
6220	476.32035231827444
6221	479.38829234499457
6222	482.01168786184354
6223	483.0013459349795
6224	483.8
6225	483.8
6226	483.4423276757884
6227	481.3640457222029
6228	479.13612746795917
6229	476.06818744123905
6230	472.8970854569752
6231	469.037418971745
6232	465.1127913305942
6233	460.65933000148436
6234	456.1358008807964
6235	450.89061309317583
6236	445.57850356294347
6237	439.3433491686449
6238	433.0479984165466
6239	425.52659706071665
6240	417.95136820228953
6241	408.3516848928707
6242	398.7475481221227
6243	388.2571725468862
6244	377.76679697164974
6245	364.257261616113
6246	350.6989460141503
6247	335.4248008313138
6248	320.08510069771324
6249	302.2275025978538
6250	284.2157256667793
6251	264.1066455539616
6252	243.8186550546835
6253	222.01564649413743
6254	200.04523727051904
6255	179.55468355683072
6256	159.26669305755263
6257	140.16844970062897
6258	121.26598050373208
6259	105.0996585679638
6260	89.46306101242263
6261	77.14111534464847
6262	65.56211588895772
6263	56.66152704240599
6264	48.4473650353812
6265	43.30153891830364
6266	39.046009203819004
6267	38.0
6268	38.0
6269	40.61257855410971
6270	44.175347617399176
6271	50.135226879114576
6272	57.0628333910632
6273	65.42757187391817
6274	74.43346033945542
6275	84.23574644960402
6276	94.42922460289985
6277	106.10155871146632
6278	118.57125043297945
6279	130.97871245485024
6280	143.3494383690442
6281	155.66000296897562
6282	167.93176307586154
6283	179.73877975159945
6284	191.21881339997145
6285	202.86692067890405
6286	214.6438517492167
6287	226.0970458706483
6288	237.28018209708466
6289	247.8406650502244
6290	257.83621158889315
6291	267.184106091343
6292	275.89309713493947
6293	283.6948191399869
6294	290.523459844622
6295	296.39276559948416
6296	301.14312435053677
6297	304.9339700133604
6298	307.5070810035128
6299	309.1246375377307
6300	309.4215349596715
6301	309.3236577762383
6302	308.6308971250434
6303	307.3770003463808
6304	305.1997525854817
6305	303.12852689395794
6306	301.2481765550005
6307	299.6672604908948
6308	298.6775534441803
6309	298.0
6310	298.0
6311	298.32059973279235
6312	299.4092236132419
6313	300.81845700245776
6314	303.0788992628992
6315	305.38624078624
6316	307.8432432432427
6317	310.24021621621586
6318	312.40237837837816
6319	314.4154209052042
6320	315.6931249692862
6321	316.83942014742024
6322	317.1342604422604
6323	317.4
6324	317.4
6325	317.33739557739585
6326	316.3545945945948
6327	315.36333169533185
6328	314.0856904176905
6329	312.80804914004915
6330	311.7256769374415
6331	310.6445427293721
6332	309.7519213759214
6333	308.8674004914009
6334	308.52762653562667
6335	308.2327862407863
6336	308.2
6337	308.2
6338	308.53564619164615
6339	308.9287665847666
6340	310.44856258292816
6341	312.2176912870417
6342	314.98829484029505
6343	318.03497788697695
6344	322.48009828009657
6345	327.39410319410183
6346	333.9919999999985
6347	341.2647272727263
6348	350.80601474201404
6349	361.4202653562654
6350	373.8701361246272
6351	387.33517126149127
6352	403.19390663390925
6353	420.5894840294801
6354	438.6056019655956
6355	457.0822604422554
6356	474.5524324324291
6357	491.1617690417669
6358	506.13651105651024
6359	519.5026044226046
6360	529.7345029239775
6361	536.4178780284064
6362	540.0720098280098
6363	539.7771695331696
6364	535.991429975433
6365	526.9496609336634
6366	515.6177297297328
6367	500.2860343980363
6368	483.7252678132688
6369	464.6589287469283
6370	444.9852965747677
6371	423.8540370534117
6372	403.4363243243184
6373	385.0579459459469
6374	367.3185651105702
6375	351.79030958231357
6376	336.8570810810834
6377	324.4737886977901
6378	312.4845208845213
6379	302.6565110565108
6380	293.156479433878
6381	286.0799646174239
6382	279.1774643734623
6383	274.1651793611792
6384	269.2594889434898
6385	266.4093660933668
6386	263.5929729729731
6387	263.10157248157253
6388	262.61017199017203
6389	264.3324226044227
6390	266.1014643734646
6391	271.5830065359469
6392	277.2835323603101
6393	285.84383292382955
6394	294.689041769039
6395	306.6279508599479
6396	319.01124324324115
6397	333.0444619164605
6398	347.39335626535586
6399	363.32338083538156
6400	379.63787714987905
6401	395.8017494717172
6402	411.92047766474434
6403	426.3061425061373
6404	440.0653562653521
6405	450.24972972972773
6406	458.898378378377
6407	463.56329238329215
6408	466.21685503685495
6409	465.71518427518413
6410	463.3564619164616
6411	457.7839992137207
6412	450.0194899012259
6413	440.27528255528676
6414	428.97307125307464
6415	416.6363964667456
6416	403.36227612122923
6417	390.55226196867255
6418	378.25417988385044
6419	365.91473745851783
6420	353.51965645129786
6421	341.639773559125
6422	330.61054121321797
6423	319.7414279439771
6424	309.2002147284153
6425	299.0130105900112
6426	289.7406471133637
6427	280.69267483285137
6428	272.39634961690365
6429	264.36478625805154
6430	257.53285184462317
6431	250.90638817041756
6432	245.63578156263668
6433	240.55037821482475
6434	237.52465960665555
6435	234.5804401932554
6436	233.9948172368356
6437	233.40919428041576
6438	235.0332145820116
6439	236.69247962520114
6440	241.63779220145335
6441	246.8107949831619
6442	254.66488702357157
6443	262.86360841345294
6444	273.1046898638466
6445	283.7435069054737
6446	296.2279732565542
6447	309.20928212386065
6448	323.27223659167464
6449	337.7176028500307
6450	352.9702518055839
6451	368.5861018934271
6452	383.95237909326613
6453	399.17857596018194
6454	414.2316041188844
6455	429.1649895075903
6456	442.08701381094164
6457	453.3114538089886
6458	462.369674491239
6459	469.20194231613715
6460	473.86687487800083
6461	475.81885613898123
6462	476.0364062271236
6463	473.5963105753743
6464	469.2323849494898
6465	461.22887121175205
6466	451.9511590454365
6467	439.6530769606198
6468	426.5574935337499
6469	411.0384851886173
6470	395.69398789771054
6471	381.0541284403641
6472	366.4870235713237
6473	352.3344687911775
6474	338.42641159533633
6475	326.71395246693953
6476	315.156107559419
6477	306.4693670391875
6478	297.7914108633041
6479	293.4968425162253
6480	289.20227416914645
6481	289.0
6482	289.0
6483	293.0574105704933
6484	297.5471865697121
6485	306.37439851642154
6486	315.93957347128315
6487	328.2564442926205
6488	341.2377531599269
6489	356.8768532526499
6490	373.3718998584754
6491	391.45410892055247
6492	410.193129025956
6493	429.25391635351883
6494	448.4818700893121
6495	465.5105168122641
6496	481.12712898345984
6497	494.0659704260423
6498	504.8999951198093
6499	512.5432336147576
6500	517.1306134400463
6501	518.8789810160562
6502	517.3173197989365
6503	512.8561221999919
6504	504.26698550583046
6505	494.2941681713879
6506	481.8984822605013
6507	468.79700356253704
6508	454.156429652041
6509	439.4899614464887
6510	424.7517837099227
6511	410.7311926605516
6512	399.3121022838163
6513	388.61011175637833
6514	381.48503245327026
6515	374.84326777609624
6516	371.8175491679271
6517	369.0333850931677
6518	369.5186335403726
6519	370.0326071133963
6520	374.10849628802976
6521	378.18438546266316
6522	383.9149456521752
6523	389.73792701863425
6524	396.16273472754585
6525	402.66474841088683
6526	409.16676209423014
6527	415.668775777574
6528	420.83552989130504
6529	425.5909646739133
6530	428.9804260274634
6531	431.79473045756623
6532	433.29906832298127
6533	434.07546583850944
6534	433.8916783929349
6535	433.0182735697996
6536	430.32423330745394
6537	425.9569972826097
6538	419.8030666213803
6539	411.554243291765
6540	402.29766606822085
6541	391.5256732495515
6542	379.83366653726966
6543	366.34375970497285
6544	352.77318647193374
6545	338.9927992624588
6546	325.48579192546424
6547	312.9663819875772
6548	301.09798136646015
6549	292.7517080745355
6550	284.9597942646422
6551	282.4366247755834
6552	280.1364809782619
6553	284.11551824534223
6554	288.0945555124226
6555	299.53679460429754
6556	311.18219224610226
6557	328.4070745790653
6558	346.16630598282535
6559	368.47241847826274
6560	391.570244565217
6561	418.50482798776704
6562	446.4537823280983
6563	473.4827251552746
6564	500.17138975155706
6565	525.8201077199318
6566	550.9547576301602
6567	574.201019021735
6568	596.2312985248385
6569	614.3296098602464
6570	629.1782123447235
6571	642.4205832403352
6572	653.9689359017916
6573	663.9472243788815
6574	671.8082492236013
6575	677.5792711921973
6576	679.7142607598624
6577	680.4031927798529
6578	677.7829783104468
6579	673.7465838509328
6580	665.3032608695671
6581	656.5236935319548
6582	646.2369256150228
6583	635.8675562888179
6584	624.9009413819866
6585	613.8518899509925
6586	601.5271774467492
6587	589.2024649425059
6588	576.6830939441002
6589	564.1636840062076
6590	553.5584744529076
6591	543.0776165752834
6592	534.7271386287534
6593	526.672405259835
6594	519.7276785714264
6595	513.0312499999984
6596	506.9957106118682
6597	501.17301179096586
6598	496.02509704969066
6599	491.1726125776414
6600	486.38172554347904
6601	481.62629076086876
6602	477.09376486001173
6603	472.72674074433496
6604	468.6085403726713
6605	464.726552795032
6606	461.2396040564807
6607	458.2312096656798
6608	455.56453804347785
6609	453.4294448757762
6610	451.55097287592804
6611	450.1923431510508
6612	448.7813867727696
6613	447.228667087195
6614	445.41262616459596
6615	442.59818517080737
6616	439.41058760735615
6617	434.0731136881933
6618	428.414770962729
6619	419.38914984471745
6620	410.29349318379303
6621	398.5947597408877
6622	386.8960262979823
6623	373.3462367670542
6624	359.7144873592123
6625	345.65244126462215
6626	331.5366141351599
6627	317.9764876492479
6628	304.53809638904085
6629	293.20657449483014
6630	282.57136227400247
6631	274.2473750362555
6632	266.99609397660026
6633	262.3586116884995
6634	259.3615604002519
6635	258.42208256792014
6636	259.1955525476167
6637	261.9062793058448
6638	266.74023299656886
6639	272.44296625737326
6640	279.4041960746392
6641	286.6282509910069
6642	294.3629507879725
6643	302.07132982066156
6644	309.7089766520056
6645	316.99428599052663
6646	322.89199458571034
6647	328.53075844733337
6648	332.49460047372713
6649	336.3386764634795
6650	338.46561608739813
6651	340.5925557113167
6652	341.4671081891134
6653	342.3372619162716
6654	342.8485425629621
6655	343.3319379320345
6656	344.3137774340134
6657	345.3772986560962
6658	347.58729636970077
6659	350.1009522888762
6660	354.2897998646413
6661	359.12398723774476
6662	365.47409842405546
6663	372.62869573624863
6664	380.91365591917753
6665	390.00148885773484
6666	400.6361017112989
6667	412.7215701440577
6668	425.28257359694567
6669	438.43092763571525
6670	451.3598375713057
6671	463.9287247413693
6672	475.9879241999393
6673	486.9131876631532
6674	497.48810363996813
6675	506.96265287378736
6676	516.0530213671099
6677	523.304302426762
6678	530.3238458935551
6679	535.3511577319083
6680	540.3098327371168
6681	543.4037126559031
6682	546.4975925746893
6683	547.815285700474
6684	549.0721744174803
6685	549.2
6686	549.2
6687	547.5156144252147
6688	545.4852557285113
6689	541.983516217914
6690	538.019674191522
6691	533.118621289762
6692	527.8010151793482
6693	522.1215991491833
6694	516.2238905539997
6695	510.5410064291604
6696	505.03029922173494
6697	500.2718940346133
6698	496.3078603886684
6699	493.11136462512644
6700	490.98442500120785
6701	489.4649908150439
6702	489.0782558251958
6703	488.8813593734893
6704	489.1714106158755
6705	489.727780731861
6706	491.2746459128927
6707	492.76614135163925
6708	493.9263463211836
6709	495.0072122589066
6710	495.10389133272105
6711	495.1971478294498
6712	494.71372909213966
6713	494.23031035482956
6714	492.2970367863882
6715	490.2667762362841
6716	487.9845893556343
6717	485.6642915840867
6718	484.0399400560764
6719	482.5896838441453
6720	482.2
6721	482.2
6722	483.73750362564004
6723	486.0579135647297
6724	490.1531705433847
6725	495.46153846154033
6726	502.23019833035966
6727	510.33713265453764
6728	519.2685358556104
6729	529.2096612296109
6730	539.5511557206984
6731	550.5534237320877
6732	561.6441656210815
6733	572.9365119196984
6734	583.7570118714393
6735	593.022526783129
6736	601.6834821213154
6737	607.1846161270101
6738	612.4130585850795
6739	614.825953093331
6740	617.193784683685
6741	616.8077401920572
6742	616.4216957004295
6743	612.3919698870758
6744	608.1452755525513
6745	601.2910678955743
6746	594.0527336775582
6747	584.5001592433554
6748	574.3664913381284
6749	563.3202972686034
6750	551.9314351896514
6751	541.1748878058164
6752	530.7516865318686
6753	520.4968535855583
6754	510.362696650902
6755	500.8195637486728
6756	491.8435961779733
6757	483.29063359552066
6758	475.28021039424954
6759	467.51678409420197
6760	460.1815847891142
6761	453.1015103990735
6762	446.63526516430966
6763	440.3398224109636
6764	434.6453913714901
6765	429.1236463661824
6766	424.5874046906676
6767	420.1847705448052
6768	417.3859479805044
6769	414.59644821928373
6770	413.8243219766432
6771	413.05219573400274
6772	413.7198957679871
6773	414.4919847512425
6774	417.5054627931668
6775	420.8835151047204
6776	425.40205568691954
6777	430.2276118322657
6778	435.53661149447584
6779	441.03774550016806
6780	446.5390502847207
6781	452.0404497635365
6782	457.43146262606854
6783	462.7395743859493
6784	467.9996718463478
6785	473.211523984171
6786	478.464549753884
6787	483.7729176720396
6788	489.286416059452
6789	495.17359455677433
6790	501.41480552070465
6791	508.5569732651291
6792	515.8813878299462
6793	523.8918110312209
6794	531.9421291381144
6795	540.2424862465032
6796	548.5680918830262
6797	557.2545121127316
6798	565.940932342437
6799	572.8056941562513
6800	579.657983882643
6801	582.9553228452847
6802	585.9473120355166
6803	584.9256381798008
6804	583.1884379674761
6805	575.6811890744146
6806	566.512189943055
6807	553.1297881580823
6808	537.9775418616953
6809	520.0199681513276
6810	500.4282102012307
6811	479.2696264839369
6812	456.87796544735323
6813	433.82827775901114
6814	410.0865415239079
6815	388.02700511533516
6816	368.337785928003
6817	349.9061866615238
6818	333.88456712672684
6819	318.803677073782
6820	306.25723109588193
6821	294.53406041887706
6822	286.1371875301619
6823	278.1422959996155
6824	272.9306953626416
6825	267.8543383843261
6826	265.15189653508327
6827	262.4494546858404
6828	261.35800646499735
6829	260.2965889902063
6830	259.93686495874954
6831	259.6473874656246
6832	259.51930721729065
6833	259.4228193747588
6834	259.4
6835	259.4
6836	259.4
6837	259.4
6838	260.0560621411683
6839	261.1174796159598
6840	262.86304819800273
6841	265.1788681430023
6842	268.27009215033576
6843	272.22628455637505
6844	276.87722294591424
6845	282.57028031070485
6846	288.7370675929944
6847	295.8775124234098
6848	303.33732812273956
6849	311.7321754233594
6850	320.0919187533138
6851	328.29378105852066
6852	336.3586260131215
6853	343.30575067541434
6854	350.1791286727455
6855	355.10024605586966
6856	360.0213634389938
6857	361.12989820041486
6858	362.09482317749763
6859	359.6207555362578
6860	356.72598060500826
6861	349.7252955082741
6862	341.8129106961921
6863	330.8788440198778
6864	318.9137743040518
6865	304.6761615284463
6866	289.333854392824
6867	272.48576253196416
6868	254.6346504559256
6869	235.8164423216052
6870	216.13197278910863
6871	197.3251990157713
6872	179.57057943744883
6873	162.51677923581906
6874	146.59628521806465
6875	131.6305977710241
6876	118.79709557581802
6877	107.1279297534608
6878	99.21554494138232
6879	92.10973126839514
6880	89.11846383943733
6881	86.49680127370083
6882	87.5582187484923
6883	88.70175133883413
6884	94.20182370820818
6885	99.70189607758222
6886	109.76509866358029
6887	120.08979591836562
6888	132.26794036763536
6889	144.7154725720082
6890	158.08979591836996
6891	171.6952380952426
6892	184.7389395474521
6893	197.57244174265256
6894	210.08954071786673
6895	222.43998456194288
6896	233.10543735224502
6897	242.56170212766003
6898	250.5430790756031
6899	257.1045689197686
6900	262.52806484295957
6901	266.4842572489988
6902	269.7377912867271
6903	271.76413373860174
6904	273.4249433106577
6905	274.19688329232423
6906	274.8
6907	274.8
6908	274.8
6909	274.8
6910	274.74341679934383
6911	273.9714768176773
6912	273.19901577652286
6913	271.55864331548224
6914	269.9182708544416
6915	267.2035989965272
6916	264.4054515631037
6917	260.2045061996435
6918	255.76585130506095
6919	249.81728180633854
6920	243.44877695758964
6921	235.71065759637082
6922	227.41230279345925
6923	218.0075650118223
6924	207.97234525015736
6925	198.10047763786287
6926	188.3547353693229
6927	178.7987359482787
6928	169.4389636705761
6929	160.60466058764155
6930	152.49929078014296
6931	145.26172112553712
6932	139.6629953183068
6933	134.80565664366026
6934	131.90976398474803
6935	129.6
6936	129.6
6937	130.04056180317588
6938	133.41910323857348
6939	136.96140740383282
6940	143.1393117428456
6941	149.31721608185836
6942	158.0664993484261
6943	166.85070708045984
6944	177.2242386215583
6945	187.7459819489394
6946	200.13837837838227
6947	212.8796911196943
6948	226.88636517206814
6949	241.2692987113322
6950	256.05702012645924
6951	271.01913219750577
6952	286.04176842511947
6953	301.1004102514564
6954	316.05188474346636
6955	330.9174670592158
6956	345.1763706563658
6957	358.78640926640367
6958	371.1662338915925
6959	381.7845069742707
6960	390.9944205801416
6961	397.46191418504554
6962	402.6904290747618
6963	404.5244944254062
6964	405.4904676866649
6965	402.8841642936439
6966	399.87223938224
6967	393.9842084942095
6968	388.0264298470019
6969	380.78669819972134
6970	373.5469665524407
6971	366.78008591148284
6972	360.0230030406876
6973	355.3690332545007
6974	350.9286645108353
6975	349.31241855301886
6976	348.2505912447511
6977	349.6962208600805
6978	351.9164052319132
6979	356.9425358366732
6980	363.216969930983
6981	370.98809788117467
6982	379.6757758579114
6983	388.83979921811056
6984	398.3962449925167
6985	408.0906510931953
6986	417.9366861334969
6987	426.4159749034736
6988	432.88315637065756
6989	437.8740190163624
6990	439.9011438776001
6991	440.871731261162
6992	438.84460639992346
6993	435.9431536271075
6994	429.28260051160936
6995	422.3289058352256
6996	413.15857908200354
6997	404.01861003861114
6998	395.52440154440313
6999	387.0301930501951
7000	380.038206477148
7001	373.0880640957586
7002	368.2252811429129
7003	363.5918528886533
7004	361.35940923789764
7005	359.6218736425503
7006	359.56546165355473
7007	360.0481104300401
7008	362.31675675675694
7009	365.4055598455599
7010	369.2048747526425
7011	373.45218398571376
7012	377.7517544283029
7013	382.09559341667125
7014	385.9409044838077
7015	389.2229161639082
7016	391.8140836912982
7017	393.3585597760514
7018	394.3685617760617
7019	394.27203667953665
7020	393.4163328345956
7021	390.3273806650892
7022	386.8698971958091
7023	381.7538201650641
7024	376.4680052126045
7025	369.8074520971093
7026	363.1285583281078
7027	355.9853564361243
7028	348.84215454414084
7029	343.0048262548262
7030	337.2133204633182
7031	333.2340170857664
7032	329.46935662918213
7033	328.1650658815583
7034	327.3928278391817
7035	328.721098614664
7036	330.74841917266036
7037	335.2651735289861
7038	340.96097890621144
7039	348.23845931074305
7040	356.54041895935893
7041	365.30751556692525
7042	374.4787276149998
7043	383.2023940534776
7044	391.4078192875747
7045	398.9327927406119
7046	405.40059851337077
7047	410.84968866148625
7048	414.13201718395504
7049	416.6
7050	416.6
7051	416.2936429019645
7052	414.55593956653985
7053	412.66678250796514
7054	409.48114682884506
7055	406.32400444079747
7056	404.0070666602303
7057	401.69012887966306
7058	401.0432977747742
7059	400.4640633296326
7060	401.6020079158222
7061	402.9534897190852
7062	406.83079596466735
7063	411.27159337741926
7064	417.1523313061106
7065	423.52360266435073
7066	430.54561251086
7067	437.88222801428475
7068	445.33534778201255
7069	452.865395568856
7070	460.08792354474457
7071	467.0384013900974
7072	473.50181976154994
7073	479.3907032871557
7074	484.9431605367312
7075	489.96295009170825
7076	494.73930588405716
7077	498.9870251484286
7078	503.21122749432766
7079	507.36240768451063
7080	511.49695916594357
7081	515.551404575731
7082	519.5865424530567
7083	523.4481054206688
7084	527.3014383627769
7085	530.8732116999721
7086	534.4449850371673
7087	537.185654986003
7088	539.8886185925279
7089	541.5666843654969
7090	543.1113095525418
7091	543.4
7092	543.4
7093	542.3980981802387
7094	541.0465511415745
7095	538.4021528213543
7096	535.1198242988855
7097	531.4912829423696
7098	527.6299063616179
7099	523.971588550466
7100	520.4961818796168
7101	517.722695240854
7102	515.7920069504783
7103	514.6
7104	514.6
7105	515.4103388357958
7106	518.016768027802
7107	521.1540689255711
7108	525.9807896515106
7109	530.8883042911621
7110	536.1979533716262
7111	541.3783762911464
7112	545.3362872864168
7113	549.2068928898972
7114	549.4965101124681
7115	549.7861273350389
7116	545.2042573731707
7117	540.3773036636577
7118	528.6664542909531
7119	516.0204459889917
7120	497.6754549403845
7121	477.98148380557166
7122	453.30867844386574
7123	426.8582488657175
7124	398.99439107978867
7125	370.418825119472
7126	342.1304952215513
7127	314.0389805965836
7128	286.3502847765199
7129	259.0310454677025
7130	232.2757155958814
7131	206.21016556451147
7132	181.93357466937056
7133	160.59946906071812
7134	140.47741468359092
7135	123.1003813293443
7136	106.99163971617718
7137	95.0207945165798
7138	83.80561477979674
7139	76.47359992282111
7140	69.48811924171615
7141	66.0150595726209
7142	62.6
7143	62.6
7144	62.6
7145	65.87683179779101
7146	69.34989146688473
7147	75.17413535285291
7148	81.34846365346668
7149	89.13808306401022
7150	97.33836283825927
7151	107.70450050648552
7152	118.89547055134796
7153	130.52576693035041
7154	142.39148176731848
7155	154.592040904926
7156	167.03717138584514
7157	179.2875018088828
7158	191.34673677101907
7159	203.65585837634438
7160	216.29393661665765
7161	228.58605952437952
7162	240.2593989677274
7163	251.49190623191183
7164	261.6211749951773
7165	271.34091939607424
7166	279.5411991703233
7167	287.4057498432279
7168	293.1941826250533
7169	298.79768462688736
7170	301.78837489749714
7171	304.7790651681069
7172	304.7042014374608
7173	304.6077275577638
7174	300.6066081420029
7175	296.26549295774635
7176	288.7385075490794
7177	280.6347016545238
7178	269.99340118662593
7179	258.60948338237426
7180	245.46848680719623
7181	231.5762481308153
7182	216.95767690897466
7183	201.9077516762352
7184	187.49990353077598
7185	173.60833494115485
7186	160.13416622449395
7187	147.1101924653868
7188	134.83408422169416
7189	123.6431141768366
7190	113.22756258743037
7191	104.35196565529809
7192	96.48664319135516
7193	91.47000144710869
7194	86.99951765386902
7195	84.87719467489913
7196	83.11142733105002
7197	84.07616612802093
7198	85.20452462495905
7199	90.02821860981143
7200	94.85191259466382
7201	104.07067676426541
7202	113.42864309488316
7203	125.98562539192396
7204	138.91312527132834
7205	153.4281883079251
7206	168.2844491607144
7207	183.2135931696484
7208	198.16704452269735
7209	212.72873474506798
7210	227.1033428199281
7211	238.97357580434868
7212	249.1998070522402
7213	256.81539723120045
7214	262.1214606145404
7215	265.0
7216	265.0
7217	263.4424485070668
7218	259.390545559789
7219	253.9871882687744
7220	245.59396073513122
7221	236.5802710916039
7222	225.58224880613562
7223	214.37716463267418
7224	202.12498191114912
7225	189.8639783908976
7226	177.51591742234547
7227	165.1624041290842
7228	152.5243258887654
7229	139.88624764844658
7230	127.33940475616255
7231	114.79780039554636
7232	103.09802710916186
7233	91.52116154551106
7234	80.86986638367789
7235	70.45068737639673
7236	60.172023924371985
7237	49.94628593478975
7238	39.8462592253161
7239	29.812975736818743
7240	20.227408229222092
7241	10.965915778305511
7242	4.787528912876583
7243	1.6071125674630402
7244	-0.36646908582730076
7245	-0.7519926750519127
7246	-1.0
7247	-1.0
7248	-1.0
7249	-1.0
7250	-1.0
7251	-1.0
7252	-1.0
7253	-1.0
7254	-1.0
7255	-1.0
7256	-1.0
7257	1.8366422513488747
7258	4.727929838087192
7259	15.913931858702448
7260	27.96154402197157
7261	42.01040863531228
7262	56.4668465690102
7263	71.36076333671276
7264	86.39618331647263
7265	103.13687051227124
7266	120.67819382199107
7267	138.4523901310772
7268	156.3783731688548
7269	173.64049925305048
7270	190.31439448701494
7271	206.76861989205992
7272	222.95983037779447
7273	238.0528841983506
7274	251.35344802659972
7275	263.65519733988606
7276	273.67881065972597
7277	282.971771395527
7278	289.81448535080773
7279	296.19563394535066
7280	300.0508698375968
7281	303.6535685027225
7282	304.3282347838656
7283	304.9917116422521
7284	303.0641865844257
7285	301.1366615265993
7286	296.3435304322669
7287	291.331723772347
7288	284.3447956823426
7289	277.0202004626055
7290	268.6444701460167
7291	259.9701893884629
7292	251.0246156811718
7293	241.96481133439343
7294	233.3293562066312
7295	224.94462220509007
7296	217.5730711772941
7297	211.0191701604757
7298	205.52564572089472
7299	201.18871434078534
7300	197.8618283456211
7301	196.03059129680418
7302	194.67354826273416
7303	194.28802467350957
7304	194.0
7305	194.0
7306	194.1028191412464
7307	194.68110452508333
7308	195.2593870470318
7309	195.83764456437947
7310	196.41325237337966
7311	196.89515685991043
7312	197.3770613464412
7313	198.4096761757903
7314	199.46981495759437
7315	201.7136330779237
7316	204.1231555105775
7317	208.00151318008716
7318	212.2422726615579
7319	217.6039321511167
7320	223.38650732459337
7321	229.734653751624
7322	236.38493566574854
7323	242.645971472628
7324	248.62129915188981
7325	253.63007083996072
7326	257.6780685268192
7327	260.2876777022796
7328	260.96234398342267
7329	260.3504336931373
7330	257.3627698535077
7331	253.12436027179382
7332	245.6066502819139
7333	237.41100616808018
7334	226.52048959136584
7335	215.3995373716955
7336	202.6772589272833
7337	189.9500939713777
7338	177.13143462965937
7339	164.31277528794104
7340	151.682767925982
7341	139.05747879721918
7342	127.47301816779414
7343	116.00369138836193
7344	106.20477085441271
7345	96.75944291840973
7346	89.62741336931764
7347	83.26566099571089
7348	78.53121596221503
7349	74.5792182755788
7350	72.13186813186789
7351	70.68594563331403
7352	70.35463877777245
7353	71.02937009012498
7354	72.96402544823685
7355	76.4342394447661
7356	80.55658585955986
7357	85.76165598342223
7358	91.43094125018283
7359	98.17825437370514
7360	105.3615384615378
7361	114.03707345286473
7362	122.80004819509752
7363	132.05350619307097
7364	141.3511856564479
7365	151.18345864661413
7366	161.01665702717918
7367	171.42729901677146
7368	181.83794100636376
7369	192.24811798158893
7370	202.6582582293091
7371	213.2330634277992
7372	223.83649508386543
7373	232.94143332208822
7374	241.61655019518835
7375	248.19342618921308
7376	253.8804472504701
7377	257.26983805668016
7378	259.29412955465557
7379	259.40116632126865
7380	257.95531350908465
7381	254.57582417582367
7382	249.08131868131903
7383	242.4997927610976
7384	234.30662682538835
7385	225.41812135524455
7386	215.1043712950033
7387	204.76610757663627
7388	194.35546558704397
7389	183.91055954503574
7390	173.30763892235782
7391	162.69470792365752
7392	151.9948814343543
7393	141.30056388259314
7394	130.79403344739413
7395	120.28750301219507
7396	109.96433391170137
7397	99.65008675534604
7398	90.94572268542903
7399	82.46338618728669
7400	74.44597811942718
7401	66.54198274615472
7402	59.480971659917984
7403	52.733333333333334
7404	46.868726203672104
7405	41.470875704851885
7406	37.41307113938619
7407	34.32843647580464
7408	32.60548460166751
7409	32.21992385175178
7410	33.03523061352423
7411	35.444985300496484
7412	39.188239830344884
7413	45.35750915751069
7414	52.20118559930926
7415	60.77991228493049
7416	69.89226913437322
7417	81.07406978985635
7418	92.73279352226187
7419	107.57759784075459
7420	122.55586293315645
7421	139.80970649187782
7422	157.06355005059916
7423	175.16884518989679
7424	193.29107383844635
7425	212.8966215239293
7426	232.6566099571018
7427	251.77595064822174
7428	270.76481758157144
7429	288.51567379988415
7430	305.8667437825304
7431	322.36377656754405
7432	338.46093787652575
7433	354.26639676113484
7434	369.8823597455164
7435	384.9857053351961
7436	399.63701383199384
7437	414.1563159670363
7438	428.5184539013909
7439	441.7773279352205
7440	453.24831309041946
7441	463.5362282519656
7442	471.1510530627979
7443	477.6482648930013
7444	480.44371505687326
7445	482.4214275386758
7446	480.01167285170357
7447	477.0076344707938
7448	467.3681511470972
7449	457.6826192088144
7450	441.8203501305725
7451	425.95808105233056
7452	406.9159146960743
7453	387.6693360414006
7454	368.33763420060404
7455	348.9934036173737
7456	331.204255730729
7457	313.79444820582165
7458	298.3069445787772
7459	283.508608182606
7460	271.2958216461936
7461	260.36633136667325
7462	252.0506794332444
7463	245.47395908893375
7464	241.36972627913804
7465	239.435303220815
7466	238.98439963247708
7467	240.2417138159482
7468	242.80426540284256
7469	247.3501595899017
7470	252.405348679756
7471	258.49878131347356
7472	264.76912660799013
7473	271.5396073121208
7474	278.3100880162508
7475	285.0805687203785
7476	291.79022196430907
7477	298.0767928816648
7478	304.3410194409493
7479	310.2410097688346
7480	316.14100009671984
7481	321.3707128348963
7482	326.5936550923685
7483	330.83543863042877
7484	334.9944482058233
7485	338.1617951445989
7486	341.1601508849996
7487	342.6368489772237
7488	343.70073020939157
7489	343.3048650739916
7490	342.3376535448305
7491	338.7892542799125
7492	333.8564754811888
7493	326.4421800947878
7494	317.2536705677534
7495	306.07154463681115
7496	293.01418899313063
7497	278.48557473765305
7498	262.1404903525281
7499	245.0975142663656
7500	226.91393751812905
7501	209.21288325756353
7502	192.57684495599273
7503	176.81400522294604
7504	163.75664957926554
7505	151.60253409420721
7506	143.67139955508276
7507	136.42177087866907
7508	134.77759079259138
7509	133.38410871457617
7510	137.9300029016353
7511	142.47589708869447
7512	153.3251958603385
7513	164.35140729277984
7514	179.40299821075214
7515	194.87763431501244
7516	213.42920978818364
7517	232.57999806557325
7518	250.98680723473862
7519	269.1703839829752
7520	284.91171293161796
7521	299.61332817487306
7522	311.3120998162316
7523	321.2743785665952
7524	328.06249818656744
7525	332.41473959089063
7526	334.45552761388916
7527	334.1653641551408
7528	331.87841183867096
7529	326.9456330399472
7530	320.9615920301785
7531	313.1271786439702
7532	304.8085308056872
7533	295.32985781990436
7534	285.6320324967341
7535	275.1866531263584
7536	264.64903762452656
7537	253.62282619208528
7538	242.57020988489822
7539	231.25383499371344
7540	219.94194796402377
7541	208.8190153786663
7542	197.69608279330885
7543	188.0516684398886
7544	178.4762743011896
7545	169.41636442768012
7546	160.42173219207882
7547	152.6159783344611
7548	145.07172840700122
7549	138.76379727246186
7550	132.8638069445766
7551	128.28715543089208
7552	124.32158816133162
7553	121.77764441842332
7554	120.11878415300518
7555	119.45530129299833
7556	119.55288606977314
7557	121.06358313817375
7558	123.89340359094463
7559	127.68153208099503
7560	132.560770919736
7561	138.05188329430013
7562	144.3945843091314
7563	151.31261709601634
7564	159.21659836065578
7565	167.30742132227542
7566	175.7972969016847
7567	184.36592505854884
7568	193.14812646369987
7569	202.12346425957398
7570	211.7843571602811
7571	221.26244449865618
7572	229.84990485484028
7573	238.22513661202
7574	245.05573770491827
7575	251.71960966089432
7576	256.20850939253603
7577	260.6402322404376
7578	262.49425253708057
7579	264.34827283372357
7580	264.0205513539888
7581	263.6302122468895
7582	260.62909836065654
7583	257.4089578454345
7584	252.91080751402808
7585	248.22673822883468
7586	243.46230787996888
7587	238.6806538180027
7588	234.95655737704837
7589	231.54125683060076
7590	229.96378628933883
7591	229.08552329836547
7592	229.98542154566726
7593	231.74186182669746
7594	235.8169398907098
7595	241.28142076502837
7596	248.2629031471115
7597	256.3624396194215
7598	265.18062060890094
7599	274.6458821233415
7600	284.1578726518658
7601	293.7211807757981
7602	302.95106123444623
7603	311.73369114418
7604	319.8897736143632
7605	327.01311475409995
7606	333.49641375945566
7607	338.6684069285211
7608	343.37833723653506
7609	346.89121779859545
7610	350.1584288850941
7611	352.59804830446456
7612	354.82757611241215
7613	356.09611631537837
7614	357.25066354410603
7615	357.64098360655737
7616	358.0
7617	358.0
7618	357.9490729898513
7619	356.29021272443384
7620	354.63135245901645
7621	351.9192681141744
7622	349.18689436447943
7623	345.8181507684806
7624	342.40268358136194
7625	338.4709113973455
7626	334.4701307572194
7627	330.2254696267365
7628	325.93173944864446
7629	321.9437939110061
7630	318.04059328649447
7631	314.85293974140023
7632	311.92539643815564
7633	310.06571038251377
7634	308.6995901639347
7635	308.2
7636	308.2
7637	309.11308123932605
7638	310.67443766772317
7639	312.8103337236526
7640	315.44499414519913
7641	317.84273237375004
7642	319.98959746279604
7643	321.4553864168618
7644	322.0408665105386
7645	321.75868462138965
7646	320.09982435597146
7647	317.0597218833837
7648	311.3022200536694
7649	304.5067915690836
7650	295.13911007025587
7651	284.98199560868414
7652	272.2959746279576
7653	259.0767894608442
7654	243.56080995364792
7655	227.81810972890096
7656	210.66987163602576
7657	193.6657976904456
7658	177.70703276007478
7659	161.84052339412924
7660	146.77311657414606
7661	131.8760668087423
7662	118.79186202111498
7663	106.01862516727199
7664	97.49406750260187
7665	89.18975019825419
7666	85.02638778746936
7667	81.0
7668	81.0
7669	81.07533703409904
7670	86.03172085646192
7671	90.98810467882481
7672	101.0862566288346
7673	111.19677851018754
7674	125.48390741934043
7675	139.85670813302195
7676	155.94627546215634
7677	172.10328591960524
7678	187.97943202656296
7679	203.8390741933911
7680	219.2400872323572
7681	234.60487708168213
7682	247.17517966000776
7683	259.46640233929406
7684	269.28374306105945
7685	278.7999999999962
7686	287.0164940278522
7687	295.045437874809
7688	302.7349060811818
7689	310.3673588739644
7690	318.49884020618384
7691	326.7264373513062
7692	335.52328889329385
7693	344.4443376121347
7694	354.40038657877943
7695	364.61003122367043
7696	374.58609307627324
7697	384.4983694305364
7698	393.8017941220187
7699	402.9210883679449
7700	411.44587628866105
7701	419.7726011102307
7702	426.35644545769907
7703	432.303811270257
7704	436.90511498810343
7705	440.969349722441
7706	443.9968181592898
7707	446.57401001139937
7708	448.41030876740854
7709	449.897150220548
7710	450.92482157018225
7711	451.7178429817603
7712	452.25541953709666
7713	452.6519105912674
7714	452.98630123407844
7715	453.28366952470634
7716	453.7620935765265
7717	454.35685963521007
7718	455.2446151558706
7719	456.33496555484
7720	457.88014472640833
7721	459.76357057890624
7722	461.97755860633447
7723	464.4556276949003
7724	466.98704465480466
7725	469.56423650691306
7726	471.83186796847855
7727	473.81432323933205
7728	475.09903355305556
7729	475.6937701343113
7730	475.9038263283109
7731	475.7055709754164
7732	474.4878425930518
7733	472.1088962680276
7734	469.3286082474217
7735	466.0573949246622
7736	462.7434108142931
7737	459.3732368538436
7738	456.2906675918125
7739	453.61435297616026
7740	451.4099920697853
7741	449.9230769230764
7742	448.812063240323
7743	448.3164494226099
7744	448.0
7745	448.0
7746	447.89775971451235
7747	447.60037668517043
7748	447.0119938543882
7749	445.82252069187666
7750	444.1437351308483
7751	441.3681601903251
7752	438.10243346384533
7753	433.64190910442693
7754	428.80225999901046
7755	422.9540169499926
7756	416.86569069449257
7757	410.07778734613254
7758	403.4039207740241
7759	397.02126538675725
7760	390.8877621314946
7761	385.3158849154087
7762	379.9463958259464
7763	374.9821083025166
7764	370.3452335123077
7765	366.2929591733361
7766	362.55248467656173
7767	359.3105009877913
7768	356.3181703054549
7769	353.6840585583301
7770	351.3153885118021
7771	349.28925134231537
7772	347.4036067068533
7773	345.6813028721948
7774	344.1074109720887
7775	342.6890431082523
7776	341.53117212035284
7777	340.6194103940838
7778	340.2
7779	340.2
7780	340.5439773072635
7781	341.1518184581095
7782	343.0185502254187
7783	345.75397396281755
7784	349.55309254850204
7785	354.01082012056145
7786	359.5116559444811
7787	365.59037536092296
7788	372.0081860088139
7789	378.59346537662884
7790	385.1785128153184
7791	391.7634586161472
7792	397.9103084950101
7793	403.88771592118064
7794	408.95678249417523
7795	413.7182048424669
7796	416.6790537460107
7797	419.1105415125886
7798	419.6
7799	419.6
7800	417.3444838415559
7801	414.60919866274884
7802	409.11681272478535
7803	403.13940529861753
7804	396.0966415075214
7805	388.9034901980619
7806	380.2482828487472
7807	371.434586161484
7808	361.49226482954117
7809	351.46237779240755
7810	342.3993415054185
7811	333.3830311012067
7812	325.061060736537
7813	316.7631224355375
7814	310.1778430677256
7815	303.67873569040603
7816	299.82907506838126
7817	296.16516893774354
7818	295.55729699609935
7819	295.1517171512512
7820	296.9752406037893
7821	299.1411073400555
7822	304.10539486348296
7823	309.20635226179013
7824	315.1837596879579
7825	321.0471303378739
7826	326.31535383212594
7827	331.1674484575255
7828	334.2068081657464
7829	336.6
7830	336.6
7831	335.63388886074614
7832	331.58140924978494
7833	326.6721710059781
7834	319.3780771958259
7835	311.5548452459338
7836	302.4367661212711
7837	293.28667240768044
7838	284.06728129273944
7839	275.3329652517456
7840	267.53233714922527
7841	260.7373790588122
7842	255.67177954510834
7843	251.92210121067782
7844	250.19979737601932
7845	249.6249822712998
7846	250.63805085604315
7847	253.09479762930042
7848	257.3499012208097
7849	262.32094012764685
7850	268.095431060684
7851	274.0211235499734
7852	280.0998429664152
7853	285.80773010485706
7854	291.1772655893807
7855	295.82197767972883
7856	299.8707708279259
7857	303.01510511289933
7858	305.6104853361026
7859	307.3390013495279
7860	308.68852901484456
7861	309.71869192836743
7862	310.6530288087206
7863	312.2872463015831
7864	314.05210485336045
7865	317.4339268102772
7866	320.96364391383366
7867	326.8565169997395
7868	332.92488969633723
7869	341.2301064105877
7870	349.97526083571296
7871	361.4987490267355
7872	373.21863483000743
7873	385.67645990137726
7874	398.39935634570486
7875	411.7915182974337
7876	424.40494160394815
7877	435.616984168181
7878	445.174473165161
7879	452.54497041420154
7880	457.7699974046197
7881	460.88445367246214
7882	462.2
7883	462.2
7884	460.7129301842723
7885	458.4289955878545
7886	455.31759148715383
7887	451.89168959252555
7888	449.1286270438615
7889	446.53324682065823
7890	445.11417596677893
7891	443.86839345964194
7892	443.8
7893	443.8154477030888
7894	444.6459693745134
7895	445.4956138074226
7896	446.5337658967039
7897	447.4
7898	447.4
7899	446.70526862185415
7900	443.7984427718665
7901	439.9183493381776
7902	433.89706722034606
7903	426.71367765377335
7904	417.68175447703027
7905	407.8865818842457
7906	397.1936153646482
7907	386.16864780690116
7908	374.8527900337403
7909	362.97025694264204
7910	350.72006228912267
7911	338.96402803010506
7912	327.440539839088
7913	315.2912535686482
7914	302.93724370620066
7915	290.23981313262374
7916	277.4705424344697
7917	264.4214263469345
7918	251.34138897539768
7919	238.36179600311223
7920	225.42426161432203
7921	213.27788216973647
7922	201.49548922917282
7923	192.35975084349732
7924	183.76891772644524
7925	177.43618998183226
7926	171.9934911242608
7927	168.98300633239913
7928	167.0
7929	167.0
7930	168.2057513625736
7931	171.11257721256126
7932	175.1346483259802
7933	180.32540877238674
7934	185.86610952504694
7935	191.67976122501952
7936	197.2295977160657
7937	202.6279885803285
7938	207.21695302361863
7939	211.47337658966998
7940	214.34915131066705
7941	216.8407163249422
7942	218.35498572540885
7943	219.70458344147391
7944	220.95770568388266
7945	222.206976019932
7946	224.69841170974854
7947	227.34807163249602
7948	231.91594082533163
7949	236.79463275369824
7950	243.4388061250986
7951	250.46857415355538
7952	258.840322153342
7953	267.4256451014675
7954	276.43322206326326
7955	285.0604885285846
7956	293.2202935410388
7957	300.42838976315505
7958	306.89265087691433
7959	311.7855666825618
7960	315.91845493562107
7961	318.3839877073066
7962	320.39744608700306
7963	320.7906215228104
7964	320.99871781286424
7965	320.89275193387726
7966	320.70749748317684
7967	319.9656970274995
7968	319.4
7969	319.4
7970	320.0307105388646
7971	321.8322259312246
7972	324.9579187198651
7973	329.62066444126526
7974	336.1130080008464
7975	343.9548985322921
7976	355.1515498330925
7977	367.8681290732808
7978	383.55524823822464
7979	399.98082975679336
7980	421.5376357759794
7981	443.5964287606734
7982	466.274328405665
7983	488.6723573358787
7984	509.3367986011748
7985	529.1743760928289
7986	546.5537010544197
7987	562.6586976103473
7988	576.5409632808795
7989	587.0357759762622
7990	593.8179515710261
7991	596.850007947862
7992	597.273893922535
7993	595.092328070361
7994	591.8073858217659
7995	585.7582260371956
7996	579.0820219360968
7997	571.8158957240486
7998	564.521030042918
7999	557.6328829544859
8000	551.0531976898225
8001	546.1785089810836
8002	541.6419541143422
8003	538.0389233296239
8004	534.6766173899223
8005	531.7094155672131
8006	528.8984051290208
8007	526.2491177873148
8008	523.6638372277853
8009	521.1205213797489
8010	518.1974566841525
8011	515.1242833677752
8012	511.5239164988881
8013	507.8151107343436
8014	503.4073438245119
8015	498.8985746834118
8016	493.3880570126635
8017	487.7001430615149
8018	481.1299104540874
8019	474.3518995390247
8020	467.03986647591995
8021	459.4364541938239
8022	451.38262067503797
8023	443.1680813861061
8024	434.7963333863195
8025	426.29356223176154
8026	417.7098712446385
8027	409.1261802575125
8028	400.5424892703854
8029	392.85277380384673
8030	385.3287977534056
8031	377.60253258450757
8032	369.83048799872665
8033	361.56471149260824
8034	353.3566682562402
8035	345.40880623112633
8036	337.4297567954248
8037	329.37592327663884
8038	321.1495681661626
8039	312.6718486727078
8040	304.24920256451026
8041	295.8774545647196
8042	287.9078048005063
8043	280.1718857627288
8044	273.1466009643408
8045	266.36442536957696
8046	260.90625968888645
8047	255.6675789811286
8048	252.53955203934333
8049	249.71288356677013
8050	248.96446060087692
8051	248.7416261292561
8052	250.1314801945796
8053	252.72450550625544
8054	257.32196086817095
8055	263.3216549954555
8056	270.69857272678445
8057	279.76950874004166
8058	289.81922275084247
8059	301.58271142948837
8060	313.8782315834484
8061	327.89070401454245
8062	342.17990057198597
8063	359.6065323141109
8064	377.4210306853421
8065	397.4146156313467
8066	418.0676538194242
8067	440.4122307157793
8068	462.23151929862746
8069	483.2942799101937
8070	503.03055540706777
8071	521.6332175121581
8072	538.4491153044307
8073	554.3789811300619
8074	568.9441385577608
8075	583.1634147645252
8076	592.8232640188178
8077	601.8351758793987
8078	606.0049609750894
8079	609.6185064414392
8080	610.7945368044047
8081	611.4989308243345
8082	611.178178124666
8083	609.7644197359285
8084	606.9847116052814
8085	603.4075052119528
8086	599.2379430159842
8087	593.7150967603978
8088	587.6207954666929
8089	580.8147324530906
8090	573.8654621264764
8091	565.8875013364701
8092	557.8492222162838
8093	549.6170096755214
8094	541.3140749452051
8095	532.7611268509106
8096	523.6844221105536
8097	513.6341708542732
8098	502.7644625006694
8099	491.0041588710088
8100	478.1379055968334
8101	464.560100497141
8102	449.64073559286095
8103	434.2446060087719
8104	418.01476452664906
8105	401.657251296303
8106	387.7493638404777
8107	373.9847757523925
8108	361.15535361095084
8109	349.1444486021307
8110	339.52238199604477
8111	330.7635751323032
8112	323.38665740097423
8113	317.3280910888979
8114	312.51705778585494
8115	309.3560675719017
8116	307.11079867422205
8117	306.5174105949645
8118	306.41049874378575
8119	307.3641826152036
8120	308.4867268936771
8121	311.26643502432285
8122	314.1490992676536
8123	317.57027850537133
8124	320.9915107452143
8125	324.41287287501353
8126	327.6548885443957
8127	330.64842037739874
8128	333.23146415780195
8129	335.47661303255535
8130	337.1420934459536
8131	338.5320218111839
8132	339.1451969850858
8133	339.57284438980054
8134	339.6
8135	339.6
8136	339.6
8137	339.6
8138	339.6
8139	340.0816071239263
8140	341.5657585073675
8141	343.83900991148533
8142	347.1251709333754
8143	351.9306901303929
8144	357.97330647726085
8145	365.49518206391895
8146	373.76358721576736
8147	382.93945722462945
8148	392.3744195907917
8149	402.7542563341398
8150	413.2433455239261
8151	422.46579742407357
8152	431.23797307325566
8153	436.644524541506
8154	440.9471776117033
8155	441.5832087772301
8156	440.75757447259735
8157	437.15320682709716
8158	431.21778861443977
8159	422.52490193999813
8160	412.4994752742853
8161	401.4749350718102
8162	391.17595674758513
8163	381.21094031591775
8164	372.2617056235786
8165	363.56927969470405
8166	357.1955263436855
8167	351.1392876073351
8168	348.7010389059673
8169	346.6733025918273
8170	347.2033285630996
8171	348.82692674652634
8172	353.7034241492619
8173	359.8566597763287
8174	368.2310701224396
8175	377.9240220502571
8176	389.05515742606656
8177	402.5699035301653
8178	417.72944980387206
8179	434.1590819950102
8180	451.1199130757411
8181	467.99472066151066
8182	484.8504399448792
8183	500.4212434409261
8184	515.7737305205051
8185	528.4950280928588
8186	540.6954415350325
8187	550.1304039011948
8188	558.2970265543005
8189	563.0672602957561
8190	565.6324817131341
8191	564.6783843952077
8192	560.1830815709925
8193	552.1266868076531
8194	542.1888582635436
8195	531.0577228877341
8196	517.4661189441304
8197	502.9426375490267
8198	486.7305771982855
8199	470.19376689458875
8200	452.9496660659489
8201	435.69769438703287
8202	418.8428685005565
8203	402.68881585921235
8204	389.75549666065285
8205	377.5653556662717
8206	367.1762959821829
8207	358.11999787989214
8208	351.01764986484295
8209	345.9500477048663
8210	342.7697233117779
8211	341.7340329676155
8212	341.9460433561246
8213	345.63542881374025
8214	350.51192621647107
8215	360.0321106752822
8216	370.31515954626803
8217	384.7204325011912
8218	399.78768154352474
8219	420.67181172480525
8220	441.8932421688759
8221	464.4723485450772
8222	486.7207569171975
8223	508.24095197709573
8224	528.6329269585464
8225	547.5028516908709
8226	564.7721100333952
8227	580.6728891715804
8228	591.387109085129
8229	599.3379200678423
8230	601.5247323226967
8231	601.9487755751084
8232	598.178607017918
8233	593.8321636806972
8234	584.6686340379396
8235	575.4155150137021
8236	565.2857925474258
8237	555.43536950905
8238	547.5800723514253
8239	540.2876427722379
8240	535.4295105690237
8241	531.4078867124924
8242	529.8574189880624
8243	529.0958292418205
8244	530.0261098764786
8245	532.3027546643212
8246	536.7474288076916
8247	542.1649904387868
8248	548.780319396355
8249	556.6159594811144
8250	565.6086722828086
8251	574.5415990490488
8252	583.4309473357812
8253	591.4555997725986
8254	599.0012093648248
8255	604.4959842885931
8256	609.1473874618832
8257	612.1193550054259
8258	614.6001033645139
8259	615.0
8260	615.0
8261	612.5707891880737
8262	609.8833117990616
8263	603.3897462401161
8264	596.5981807845277
8265	584.8146260788594
8266	572.7132048167781
8267	557.7253501472877
8268	542.7884438472222
8269	528.1106827226176
8270	513.1958034006902
8271	497.48439712646575
8272	481.95563595017916
8273	466.86441676572673
8274	452.36791565455934
8275	438.93052870949896
8276	426.6345134115508
8277	415.8846038555025
8278	406.9573001188739
8279	399.9285131014577
8280	394.7925060726665
8281	391.174748048993
8282	388.7746240115756
8283	387.12079177218357
8284	386.1042947955963
8285	385.38074319086223
8286	384.8898397932817
8287	384.4764031007755
8288	383.72589797922393
8289	382.8989818595271
8290	381.7080986097465
8291	380.46772443020245
8292	378.83646700087786
8293	377.1793787792644
8294	375.2154529949864
8295	373.23589849604605
8296	371.065243681844
8297	368.7927851568559
8298	365.8985787379198
8299	362.74910331283394
8300	358.6145227143538
8301	353.9759160680169
8302	347.9807742002207
8303	341.22156183782687
8304	332.95240064086664
8305	323.3979947284158
8306	311.92453356762275
8307	299.3427360587013
8308	285.49189105379287
8309	270.76236498009456
8310	255.25768773579412
8311	239.75301049149365
8312	224.24833324719322
8313	210.52142229572468
8314	197.70422244043633
8315	188.49204610057456
8316	180.63634296346234
8317	176.70865677812898
8318	173.8144503591929
8319	175.08269161196858
8320	177.04661739624663
8321	183.87042224403837
8322	191.10593829137858
8323	202.7283477182283
8324	214.5323996072259
8325	228.5899736420583
8326	242.56274742881544
8327	255.89676985891384
8328	268.74086516099425
8329	279.38741020208056
8330	288.95752972919
8331	295.25312281402745
8332	300.4424902568189
8333	302.2412311382027
8334	303.0866993104825
8335	300.9881682822014
8336	297.893214749671
8337	291.69755171379927
8338	284.9461377036085
8339	276.4520835415185
8340	267.74182072548774
8341	258.34839612271446
8342	249.00273808334464
8343	239.80917357849435
8344	230.94801638852599
8345	223.15347256920344
8346	215.85453455254435
8347	210.15823714585844
8348	205.02537223943384
8349	201.7276806235636
8350	198.9899970020984
8351	198.09062656140733
8352	197.46958129309465
8353	197.76937143999194
8354	198.48413110822457
8355	200.58266213650563
8356	202.88741880683747
8357	205.8853202758077
8358	208.97431797741564
8359	212.37193964225165
8360	215.7921954631777
8361	219.28974717697628
8362	222.78729889077556
8363	226.28485060457731
8364	229.78240231837836
8365	233.27995403217693
8366	236.79972019586123
8367	240.39720195862876
8368	244.01675826921206
8369	247.71417008094198
8370	251.34577795542893
8371	254.7433996202649
8372	258.0320791485536
8373	260.93019537300785
8374	263.5899670230839
8375	265.38870790446606
8376	266.88609973018856
8377	267.28581992605166
8378	267.42891975617067
8379	266.62947936444453
8380	265.38389127610486
8381	262.48591985610034
8382	259.2713700409721
8383	254.8744478864785
8384	250.33076846207433
8385	245.234335964825
8386	240.09625262316584
8387	234.79996002798032
8388	229.66915159388324
8389	225.17229939042792
8390	220.9836314579812
8391	217.98572998900826
8392	215.43674611502513
8393	214.63726577724464
8394	214.22303387628673
8395	215.32226441490914
8396	217.085979814127
8397	221.48290196862064
8398	226.37972419306556
8399	233.2748975717033
8400	240.58704906566058
8401	249.5807534725712
8402	258.88991705805824
8403	269.4825022484292
8404	280.23169781153786
8405	291.62372339362463
8406	303.13236734285624
8407	315.12397321874795
8408	327.0383931248163
8409	338.6302788048344
8410	350.29879084640123
8411	362.29039672229294
8412	374.05380233836433
8413	384.8462476266571
8414	395.6198161287021
8415	406.3123313680389
8416	416.85504422125626
8417	426.74861340128973
8418	436.4932347356866
8419	445.58686919157117
8420	454.6435695013563
8421	463.5373438593012
8422	472.5960627560704
8423	482.3892075547153
8424	492.4551613870359
8425	503.74725692015704
8426	515.3461576896141
8427	528.3370640551635
8428	541.901009293501
8429	558.0896772259401
8430	574.3831636116677
8431	591.1613616525924
8432	607.5807205547095
8433	621.2547737962386
8434	634.9753855106136
8435	649.5229560663287
8436	664.0705266220436
8437	679.0979779857362
8438	694.1297386413179
8439	703.0368344486433
8440	711.474425370958
8441	715.7937542430415
8442	719.4791387838259
8443	720.2
8444	720.2
8445	716.6014159635372
8446	711.7522257782988
8447	703.9360713766247
8448	694.7230567812682
8449	682.8143923964767
8450	669.2366598778093
8451	656.4133637201257
8452	644.193996993653
8453	632.9788585559834
8454	622.7960529505893
8455	612.6965958684897
8456	602.7072640868987
8457	592.467885370704
8458	581.8001842602913
8459	571.5185045097454
8460	562.111075550383
8461	553.2244690136757
8462	545.9506837358183
8463	538.9062890947024
8464	532.8935848324697
8465	526.9504412763071
8466	521.5193482688401
8467	516.1272365805183
8468	511.37526063133447
8469	506.6232846821506
8470	502.64314809426844
8471	498.666812142373
8472	495.4142857142868
8473	492.2138201920295
8474	489.68900741890207
8475	487.26452989380823
8476	484.99676074095674
8477	482.7661332557471
8478	480.39085487077597
8479	477.96637734568213
8480	475.01120162932824
8481	471.81073610707097
8482	468.0074479949579
8483	463.8373466517965
8484	459.12474421762005
8485	453.98485186442116
8486	448.3627291242336
8487	442.2527494908333
8488	436.1007224943007
8489	429.89406003006053
8490	423.7956939191123
8491	417.8796818931215
8492	412.2346038211606
8493	407.1914460285127
8494	402.485331910973
8495	398.80012607283044
8496	395.29517990495486
8497	392.5796334012214
8498	389.924084759734
8499	387.6935654366477
8500	385.47494908350205
8501	383.43828920570195
8502	381.4016293279018
8503	379.3649694501017
8504	377.3283095723016
8505	375.47348106483037
8506	373.630878145759
8507	372.04269227039055
8508	370.4909514111143
8509	369.17565824564787
8510	367.9149299325991
8511	366.9451847541458
8512	366.0723305208029
8513	365.46637571525554
8514	364.98145669673175
8515	364.67862095718374
8516	364.4846627551762
8517	364.4
8518	364.4
8519	364.4
8520	364.4
8521	364.7405906027254
8522	365.5164234107554
8523	366.6576083794018
8524	368.4033168460876
8525	370.54549774523736
8526	373.5518498763537
8527	376.90066918824897
8528	381.26494035496347
8529	385.8687096930633
8530	391.493497551276
8531	397.40317137037476
8532	405.2588594704678
8533	413.18100052458925
8534	422.0512375411355
8535	430.9214745576818
8536	440.2536315513371
8537	449.6007630311386
8538	458.5318168812571
8539	467.40163090128675
8540	476.1239925604444
8541	484.8034717916886
8542	493.35365539606016
8543	501.8423768420097
8544	510.1648814917317
8545	518.3674662597208
8546	526.2007439553647
8547	533.6402975821455
8548	540.6366809728181
8549	546.9313876967101
8550	552.8388096714202
8551	557.798512089274
8552	562.1316896370827
